iso_time,elapsed_s,cycle,laser,laser_power,i,commanded,readback_before,readback_after,power_before,power_after,rel_change_pct
2026-10-01 11:40:56,3213.429,0,405,50,0,75.0,74.9999,74.9999,632.9388023000001,631.2956809,-0.25960193845428814
2026-10-01 11:41:37,3253.783,0,405,50,1,75.0,74.9999,74.9999,631.4419688,629.2192578999999,-0.35200556976347624
2026-10-01 11:42:17,3294.17,0,405,50,2,75.0,74.9999,74.9999,630.9242724999999,630.5416286,-0.06064815013119474
2026-10-01 11:42:57,3334.473,0,405,50,3,75.0,74.9999,74.9999,631.4476132,629.2530238,-0.3475489263279279
2026-10-01 11:43:38,3374.771,0,405,50,4,75.0,74.9999,74.9999,631.9709180000001,630.3053140000001,-0.26355706450403943
2026-10-01 11:44:18,3415.071,0,405,50,5,75.0,74.9999,74.9999,630.7048141999999,630.3277969,-0.05977714003628426
2026-10-01 11:44:58,3455.372,0,405,50,6,75.0,74.9999,74.9999,630.9749305,629.9113808999999,-0.16855655408643866
2026-10-01 11:45:39,3495.671,0,405,50,7,75.0,74.9999,74.9999,630.3334356,629.5006155,-0.13212373847935047
2026-10-01 11:46:19,3535.969,0,405,50,8,75.0,74.9999,74.9999,630.1646112,630.310917,0.023217076522505
2026-10-01 11:46:59,3576.267,0,405,50,9,75.0,74.9999,74.9999,630.9524178,630.68794,-0.04191723377845003
2026-10-01 11:48:06,3643.11,0,405,100,0,75.0,74.9999,74.9999,635.212177,633.0682397,-0.33751514495918544
2026-10-01 11:48:46,3683.349,0,405,100,1,75.0,74.9999,74.9999,633.9123010000001,633.6759389,-0.037286246003934986
2026-10-01 11:49:27,3723.689,0,405,100,2,75.0,74.9999,74.9999,634.1992796,634.255582,0.008877714278635016
2026-10-01 11:50:07,3764.01,0,405,100,3,75.0,74.9999,74.9999,634.0136052,633.3495856000001,-0.10473270519021356
2026-10-01 11:50:47,3804.267,0,405,100,4,75.0,74.9999,74.9999,634.3962371,632.8206240999999,-0.24836417807309993
2026-10-01 11:51:27,3844.539,0,405,100,5,75.0,74.9999,75.0004,633.7941407999999,632.454884,-0.21130785436253283
2026-10-01 11:52:08,3884.915,0,405,100,6,75.0,74.9999,74.9999,634.244293,632.8037621999999,-0.22712554387935713
2026-10-01 11:52:48,3925.22,0,405,100,7,75.0,74.9999,74.9999,633.9460792,633.8672816999999,-0.012429684887317502
2026-10-01 11:53:28,3965.613,0,405,100,8,75.0,74.9999,74.9999,634.1318012,633.3270968,-0.1268986034886136
2026-10-01 11:54:09,4005.912,0,405,100,9,75.0,74.9999,74.9999,634.4975471,633.0344797,-0.23058677006507217
2026-10-01 11:55:16,4072.808,0,405,150,0,75.0,74.9999,74.9999,637.1254385,635.4091407,-0.26938145870312896
2026-10-01 11:55:56,4113.207,0,405,150,1,75.0,74.9999,74.9999,635.7974172,635.3641392,-0.06814717837455327
2026-10-01 11:56:36,4153.506,0,405,150,2,75.0,74.9999,74.9999,636.1800490999999,635.0715041999999,-0.17425018303673961
2026-10-01 11:57:17,4193.807,0,405,150,3,75.0,74.9999,74.9999,635.9493434999998,635.4541657999999,-0.07786433071455567
2026-10-01 11:57:57,4234.106,0,405,150,4,75.0,74.9999,74.9999,635.9099449,634.9364459,-0.15308755709948021
2026-10-01 11:58:37,4274.407,0,405,150,5,75.0,74.9999,74.9999,635.8311593,634.778899,-0.16549366677128552
2026-10-01 11:59:18,4314.703,0,405,150,6,75.0,74.9999,74.9999,635.7073905,634.604442,-0.17349939869859432
2026-10-01 11:59:58,4355.051,0,405,150,7,75.0,74.9999,74.9999,635.1840556,633.9348137000001,-0.19667400165135723
2026-10-01 12:00:38,4395.305,0,405,150,8,75.0,74.9999,74.9999,635.4485333999999,635.1615371,-0.045164365784942415
2026-10-01 12:01:18,4435.599,0,405,150,9,75.0,74.9999,74.9999,635.0377263,634.2105212,-0.13026078069718214
2026-10-01 12:02:08,4485.145,0,488,50,0,75.0,74.9999,74.9999,8.102921957,8.064133486000001,-0.4786973292577447
2026-10-01 12:02:48,4525.414,0,488,50,1,75.0,74.9999,74.9999,8.091272137,8.059813922,-0.3887919534450912
2026-10-01 12:03:29,4565.743,0,488,50,2,75.0,74.9999,74.9999,8.082545828999999,8.04829551,-0.4237565703260065
2026-10-01 12:04:09,4606.044,0,488,50,3,75.0,74.9999,74.9999,8.065616991,8.086647371,0.260741119042298
2026-10-01 12:04:49,4646.311,0,488,50,4,75.0,74.9999,74.9999,8.104361689000001,8.087432756,-0.2088866915080851
2026-10-01 12:05:30,4686.644,0,488,50,5,75.0,74.9999,74.9999,8.094544334999998,8.071201667999999,-0.28837530605729467
2026-10-01 12:06:10,4727.027,0,488,50,6,75.0,74.9999,74.9999,8.105146883,8.067973052,-0.45864475421130374
2026-10-01 12:06:50,4767.33,0,488,50,7,75.0,74.9999,74.9999,8.072117808,8.086472840999999,0.17783478067890082
2026-10-01 12:07:30,4807.629,0,488,50,8,75.0,74.9999,74.9999,8.079971655,8.074299337000001,-0.07020220171797688
2026-10-01 12:08:11,4847.914,0,488,50,9,75.0,74.9999,74.9999,8.095329812,8.073252344,-0.2727185737049635
2026-10-01 12:09:00,4896.84,0,488,100,0,75.0,74.9999,74.9999,15.630906829999999,15.51235886,-0.7584202969751696
2026-10-01 12:09:40,4937.151,0,488,100,1,75.0,74.9999,74.9999,15.666423000000002,15.49665099,-1.0836679821552284
2026-10-01 12:10:20,4977.442,0,488,100,2,75.0,74.9999,74.9999,15.54996941,15.58596512,0.23148412097101292
2026-10-01 12:11:01,5017.738,0,488,100,3,75.0,74.9999,74.9999,15.57990054,15.54647871,-0.21451889191585288
2026-10-01 12:11:41,5058.042,0,488,100,4,75.0,74.9999,74.9999,15.552543570000003,15.5427702,-0.06284097489272046
2026-10-01 12:12:21,5098.35,0,488,100,5,75.0,74.9999,74.9999,15.52837191,15.525841250000001,-0.016297007919870748
2026-10-01 12:13:01,5138.602,0,488,100,6,75.0,74.9999,74.9999,15.5586956,15.492025779999999,-0.4285052019399449
2026-10-01 12:13:42,5178.851,0,488,100,7,75.0,74.9999,74.9999,15.437879230000002,15.502148949999999,0.41631184596329335
2026-10-01 12:14:22,5219.142,0,488,100,8,75.0,74.9999,74.9999,15.49412003,15.48055048,-0.08757870710776797
2026-10-01 12:15:02,5259.446,0,488,100,9,75.0,74.9999,74.9999,15.415277970000002,15.420252070000002,0.032267338997585986
2026-10-01 12:15:52,5308.678,0,560,100,0,75.0,74.9999,74.9999,19.09658294,19.28172651,0.9695115119898904
2026-10-01 12:16:32,5348.978,0,560,100,1,75.0,74.9999,74.9999,19.28613484,19.2762157,-0.05143145623676135
2026-10-01 12:17:12,5389.255,0,560,100,2,75.0,74.9999,74.9999,19.32029818,19.313685239999998,-0.03422793964354682
2026-10-01 12:17:53,5429.677,0,560,100,3,75.0,74.9999,74.9999,19.28650121,19.32654325,0.2076169210993944
2026-10-01 12:18:33,5469.974,0,560,100,4,75.0,74.9999,74.9999,19.35446111,19.399646309999998,0.23346142133945894
2026-10-01 12:19:13,5510.337,0,560,100,5,75.0,74.9999,74.9999,19.353726859999995,19.34931725,-0.022784293856651955
2026-10-01 12:19:54,5550.675,0,560,100,6,75.0,74.9999,74.9999,19.278053189999998,19.344175240000002,0.3429913246338759
2026-10-01 12:20:34,5590.972,0,560,100,7,75.0,74.9999,74.9999,19.42535937,19.3735635,-0.26664047245371203
2026-10-01 12:21:14,5631.275,0,560,100,8,75.0,74.9999,74.9999,19.41654256,19.32250187,-0.48433282964461993
2026-10-01 12:21:54,5671.577,0,560,100,9,75.0,74.9999,74.9999,19.356665739999997,19.3471141,-0.04934548195591239
2026-10-01 12:22:43,5720.471,0,560,200,0,75.0,74.9999,74.9999,39.43297529,39.18024003000001,-0.6409236385063916
2026-10-01 12:23:24,5760.774,0,560,200,1,75.0,74.9999,74.9999,39.2742809,39.28897529,0.03741479070595154
2026-10-01 12:24:04,5801.07,0,560,200,2,75.0,74.9999,74.9999,39.214770509999994,39.31505607,0.2557341499025981
2026-10-01 12:24:44,5841.383,0,560,200,3,75.0,74.9999,74.9999,39.29044343,39.25444336,-0.09162551210229507
2026-10-01 12:25:25,5881.647,0,560,200,4,75.0,74.9999,74.9999,39.25664795999999,39.34003525,0.21241571640293377
2026-10-01 12:26:05,5921.984,0,560,200,5,75.0,74.9999,74.9999,39.32277000999999,39.26913813000001,-0.13638886575473813
2026-10-01 12:26:45,5962.317,0,560,200,6,75.0,74.9999,74.9999,39.252974099999996,39.31468873000001,0.15722281283142706
2026-10-01 12:27:26,6002.648,0,560,200,7,75.0,74.9999,74.9999,39.344076820000005,39.358036219999995,0.03548030892643599
2026-10-01 12:28:06,6042.886,0,560,200,8,75.0,74.9999,74.9999,39.40652572,39.26105574,-0.36915200551710636
2026-10-01 12:28:46,6083.217,0,560,200,9,75.0,74.9999,74.9999,39.29668887,39.277587079999996,-0.04860915906475599
2026-10-01 12:29:36,6133.216,0,560,500,0,75.0,74.9999,74.9999,99.60165694,100.3073334,0.7084987154632435
2026-10-01 12:30:16,6173.517,0,560,500,1,75.0,74.9999,74.9999,100.40394509999999,100.28933300000001,-0.11415099265852834
2026-10-01 12:30:57,6213.82,0,560,500,2,75.0,74.9999,74.9999,100.4105552,100.4752136,0.06439402697376878
2026-10-01 12:31:37,6254.119,0,560,500,3,75.0,74.9999,74.9999,100.45280140000001,100.44839449999998,-0.004387035442134371
2026-10-01 12:32:17,6294.405,0,560,500,4,75.0,74.9999,74.9999,100.19896779999999,100.2489253,0.04985829804127482
2026-10-01 12:32:58,6334.689,0,560,500,5,75.0,74.9999,74.9999,100.2617822,100.28896579999999,0.027112623976463232
2026-10-01 12:33:38,6375.003,0,560,500,6,75.0,74.9999,74.9999,100.3260673,100.30072050000001,-0.025264420984628905
2026-10-01 12:34:18,6415.311,0,560,500,7,75.0,74.9999,74.9999,100.2419456,100.261417,0.01942440351038086
2026-10-01 12:34:58,6455.592,0,560,500,8,75.0,74.9999,74.9999,100.3411308,100.171049,-0.1695035711118431
2026-10-01 12:35:39,6495.959,0,560,500,9,75.0,74.9999,74.9999,100.23165780000001,100.14753579999999,-0.08392757522566088
2026-10-01 12:36:29,6546.061,0,560,1000,0,75.0,74.9999,74.9999,207.36696129999999,206.4942063,-0.42087466321954725
2026-10-01 12:37:09,6586.407,0,560,1000,1,75.0,74.9999,74.9999,206.90124340000003,206.54554829999998,-0.17191539990525165
2026-10-01 12:37:50,6626.712,0,560,1000,2,75.0,74.9999,74.9999,206.772901,206.37318370000003,-0.19331222711817708
2026-10-01 12:38:30,6667.011,0,560,1000,3,75.0,74.9999,74.9999,206.6408962,206.21185010000002,-0.20762884205878956
2026-10-01 12:39:10,6707.317,0,560,1000,4,75.0,74.9999,74.9999,207.0662679,206.1421738,-0.44627940097239716
2026-10-01 12:39:50,6747.633,0,560,1000,5,75.0,74.9999,74.9999,206.21551719999997,206.1605127,-0.026673307977411045
2026-10-01 12:40:31,6787.958,0,560,1000,6,75.0,74.9999,74.9999,206.36585200000002,205.9808226,-0.18657612016158934
2026-10-01 12:41:11,6828.257,0,560,1000,7,75.0,74.9999,74.9999,206.43185980000004,206.34751169999998,-0.04086002038724864
2026-10-01 12:41:51,6868.557,0,560,1000,8,75.0,74.9999,74.9999,206.3475162,206.24484880000003,-0.0497546090646731
2026-10-01 12:42:32,6908.813,0,560,1000,9,75.0,74.9999,74.9999,206.2411756,205.9514836,-0.14046273696667305
2026-10-01 12:43:21,6958.047,0,642,100,0,75.0,74.9999,74.9999,16.14946183,16.115708090000002,-0.20900845090265208
2026-10-01 12:44:01,6998.346,0,642,100,1,75.0,74.9999,74.9999,16.16602503,16.17102586,0.030934196815357633
2026-10-01 12:44:42,7038.651,0,642,100,2,75.0,74.9999,74.9999,16.16790072,16.157587049999997,-0.06379102753422995
2026-10-01 12:45:22,7078.946,0,642,100,3,75.0,74.9999,74.9999,16.17508883,16.14821162,-0.16616421883352675
2026-10-01 12:46:02,7119.246,0,642,100,4,75.0,74.9999,74.9999,16.17102586,16.22384359,0.32661953828574863
2026-10-01 12:46:42,7159.549,0,642,100,5,75.0,74.9999,74.9999,16.19602852,16.252596110000002,0.34926827851747805
2026-10-01 12:47:23,7199.842,0,642,100,6,75.0,74.9999,74.9999,16.259159530000005,16.19540378,-0.39212205208005385
2026-10-01 12:48:03,7240.146,0,642,100,7,75.0,74.9999,74.9999,16.23196954,16.22728111,-0.028883925567061104
2026-10-01 12:48:43,7280.451,0,642,100,8,75.0,74.9999,74.9999,16.271661600000005,16.288225920000002,0.10179857722702985
2026-10-01 12:49:24,7320.79,0,642,100,9,75.0,74.9999,74.9999,16.299164299999997,16.31510425,0.09779611829548512
2026-10-01 12:50:13,7369.654,0,642,200,0,75.0,74.9999,74.9999,32.77960531,32.759603129999995,-0.061020197805444126
2026-10-01 12:50:53,7409.963,0,642,200,1,75.0,74.9999,74.9999,32.855238009999994,32.73522405,-0.3652810549217943
2026-10-01 12:51:33,7450.25,0,642,200,2,75.0,74.9999,74.9999,32.76866713,32.863051049999996,0.2880310011559464
2026-10-01 12:52:13,7490.552,0,642,200,3,75.0,74.9999,74.9999,32.736161710000005,32.828359680000005,0.28163952395138886
2026-10-01 12:52:54,7530.835,0,642,200,4,75.0,74.9999,74.9999,32.808982949999994,32.97775016,0.5143932997167343
2026-10-01 12:53:34,7571.06,0,642,200,5,75.0,74.9999,74.9999,32.788043460000004,32.94524775,0.4794561474574661
2026-10-01 12:54:14,7611.367,0,642,200,6,75.0,74.9999,74.9999,32.84586221,32.87023901,0.0742157409178234
2026-10-01 12:54:55,7651.652,0,642,200,7,75.0,74.9999,74.9999,32.870239010000006,32.92899504999999,0.1787514839247421
2026-10-01 12:55:35,7691.965,0,642,200,8,75.0,74.9999,74.9999,32.85398706,32.944308989999996,0.2749192353276426
2026-10-01 12:56:15,7732.254,0,642,200,9,75.0,74.9999,74.9999,32.93243311999999,32.86555111,-0.20308857762281673
2026-10-01 12:57:05,7782.3,0,642,500,0,75.0,74.9999,74.9999,82.94006288,83.07289034,0.16014873317877748
2026-10-01 12:57:45,7822.591,0,642,500,1,75.0,74.9999,74.9999,83.27666072999999,82.97788054,-0.3587802241118849
2026-10-01 12:58:26,7862.892,0,642,500,2,75.0,74.9999,74.9999,83.28166007,83.19165036999999,-0.10807865732305902
2026-10-01 12:59:06,7903.294,0,642,500,3,75.0,74.9999,74.9999,83.28103645,83.2794726,-0.0018777984360647227
2026-10-01 12:59:46,7943.593,0,642,500,4,75.0,74.9999,74.9999,83.2463421,83.10258016,-0.17269460299806316
2026-10-01 13:00:27,7983.894,0,642,500,5,75.0,74.9999,74.9999,83.12164322,83.13570768,0.016920334410107162
2026-10-01 13:01:07,8024.24,0,642,500,6,75.0,74.9999,74.9999,82.97662884,83.06914044,0.11149115274179243
2026-10-01 13:01:47,8064.494,0,642,500,7,75.0,74.9999,74.9999,83.22727754,83.08320268,-0.17311014400388072
2026-10-01 13:02:28,8104.8,0,642,500,8,75.0,74.9999,74.9999,83.17821323999999,83.1463337,-0.038326791064875465
2026-10-01 13:03:08,8145.142,0,642,500,9,75.0,74.9999,74.9999,83.1257075,83.20415169,0.09436814718238522
2026-10-01 13:03:58,8195.085,0,642,1000,0,75.0,74.9999,74.9999,169.02944920000002,168.93273140000002,-0.057219496636680335
2026-10-01 13:04:38,8235.443,0,642,1000,1,75.0,74.9999,74.9999,168.3274822,168.37740680000002,0.0296592091484545
2026-10-01 13:05:19,8275.718,0,642,1000,2,75.0,74.9999,74.9999,168.38988510000001,168.368046,-0.012969365699758663
2026-10-01 13:05:59,8316.015,0,642,1000,3,75.0,74.9999,74.9999,168.33373,168.43979819999998,0.06301066340060398
2026-10-01 13:06:39,8356.308,0,642,1000,4,75.0,74.9999,74.9999,168.4678764,168.2588546,-0.12407219967781818
2026-10-01 13:07:19,8396.585,0,642,1000,5,75.0,74.9999,74.9999,168.04045449999998,167.67856330000004,-0.2153595698587839
2026-10-01 13:08:00,8436.904,0,642,1000,6,75.0,74.9999,74.9999,168.0747749,168.0217418,-0.0315532774216396
2026-10-01 13:08:40,8477.191,0,642,1000,7,75.0,74.9999,74.9999,168.0373388,168.0435838,0.003716435909187905
2026-10-01 13:09:20,8517.508,0,642,1000,8,75.0,74.9999,74.9999,168.0747763,167.8314385,-0.1447794876523695
2026-10-01 13:10:01,8557.842,0,642,1000,9,75.0,74.9999,74.9999,167.9687039,167.99366349999997,0.014859672915509048
