iso_time,elapsed_s,cycle,laser,laser_power,i,target,power_from_below,power_from_above,power_spread_frac
2026-10-01 11:06:02,1119.136,0,405,50,0,74.9999,643.8273906999999,643.6135531,0.00033219014981574
2026-10-01 11:06:16,1133.584,0,405,50,1,74.9999,643.1015015,643.9286708000001,0.0012853922430145295
2026-10-01 11:06:31,1148.024,0,405,50,2,74.9999,643.1465089,644.412595,0.0019666454086109037
2026-10-01 11:06:45,1162.427,0,405,50,3,74.9999,643.1521536000001,644.8627650999998,0.0026561982709427234
2026-10-01 11:07:00,1176.899,0,405,50,4,74.9999,642.6287829999999,644.5814251999999,0.0030339134782508236
2026-10-01 11:07:14,1191.307,0,405,50,5,74.9999,643.2309030999999,644.615221,0.0021498187929362665
2026-10-01 11:07:29,1205.692,0,405,50,6,74.9999,642.8201197999999,644.5026695000001,0.0026140292302525288
2026-10-01 11:07:43,1220.105,0,405,50,7,74.9999,642.8876399,643.8893199999999,0.0015568822433341901
2026-10-01 11:07:57,1234.494,0,405,50,8,74.9999,642.8032398,644.2775428,0.0022909253559388254
2026-10-01 11:08:12,1248.913,0,405,50,9,74.9999,642.746967,643.9399243,0.0018543086248351973
2026-10-01 11:08:54,1291.431,0,405,100,0,74.9999,643.9174175999999,645.5267728,0.0024961998541415823
2026-10-01 11:09:09,1305.872,0,405,100,1,74.9999,643.7711419,645.6674458,0.0029412861040284204
2026-10-01 11:09:23,1320.298,0,405,100,2,74.9999,644.0918566,645.1047301,0.0015713251345051134
2026-10-01 11:09:38,1334.694,0,405,100,3,74.9999,643.7486231999998,645.2510712999999,0.002331184571122723
2026-10-01 11:09:52,1349.095,0,405,100,4,74.9999,644.2831934,644.8627591000002,0.000899146755068785
2026-10-01 11:10:06,1363.588,0,405,100,5,74.9999,643.7936126999999,645.0540960999999,0.001955985011097377
2026-10-01 11:10:21,1378.031,0,405,100,6,74.9999,644.0524818,644.9302852,0.0013620095201783997
2026-10-01 11:10:35,1392.483,0,405,100,7,74.9999,643.7767505,644.6883618,0.0014150345109037751
2026-10-01 11:10:50,1406.93,0,405,100,8,74.9999,643.6473132,645.2060402000001,0.0024187809976800884
2026-10-01 11:11:04,1421.391,0,405,100,9,74.9999,643.9343156,644.3844915,0.0006988579185820015
2026-10-01 11:11:47,1464.0,0,405,150,0,74.9999,645.0428725,646.3483571999999,0.00202182680194154
2026-10-01 11:12:01,1478.41,0,405,150,1,74.9999,644.7502552999999,646.0163652000001,0.0019617952306664474
2026-10-01 11:12:16,1492.804,0,405,150,2,74.9999,644.8008834999999,646.0782706,0.0019790963328254357
2026-10-01 11:12:30,1507.224,0,405,150,3,74.9999,644.7502374000001,646.0107326,0.0019531039895015155
2026-10-01 11:12:44,1521.612,0,405,150,4,74.9999,645.0822234,645.7800149000002,0.001081124661170935
2026-10-01 11:12:59,1535.989,0,405,150,5,74.9999,644.9528098,645.8137631000001,0.0013340185872117718
2026-10-01 11:13:13,1550.517,0,405,150,6,74.9999,644.8177696,645.7518696999999,0.0014475779865805026
2026-10-01 11:13:28,1565.069,0,405,150,7,74.9999,644.2044020000001,645.8925485,0.002617084707231703
2026-10-01 11:13:42,1579.477,0,405,150,8,74.9999,644.4857777,645.4986512999999,0.0015703656218317358
2026-10-01 11:13:57,1593.887,0,405,150,9,74.9999,643.7429846,646.0276245000001,0.0035427073370734256
2026-10-01 11:14:22,1619.155,0,488,50,0,74.9999,8.733707946000003,8.727468736999999,0.000714637863561426
2026-10-01 11:14:37,1633.672,0,488,50,1,74.9999,8.715775608,8.706743642000001,0.0010368151551904238
2026-10-01 11:14:51,1648.083,0,488,50,2,74.9999,8.678208941999998,8.707267324,0.003342834162884627
2026-10-01 11:15:05,1662.485,0,488,50,3,74.9999,8.714641163000001,8.712503126,0.0002453686002188241
2026-10-01 11:15:20,1676.899,0,488,50,4,74.9999,8.666995446000001,8.67018057,0.0003674328503164042
2026-10-01 11:15:34,1691.466,0,488,50,5,74.9999,8.667213655000001,8.678165263,0.0012627695309249476
2026-10-01 11:15:49,1705.929,0,488,50,6,74.9999,8.677903468999999,8.667475355999997,0.0012024082154921123
2026-10-01 11:16:03,1720.368,0,488,50,7,74.9999,8.641339001,8.655431772,0.0016295262491422065
2026-10-01 11:16:18,1734.785,0,488,50,8,74.9999,8.651286924,8.660231532000001,0.0010333707031805837
2026-10-01 11:16:32,1749.184,0,488,50,9,74.9999,8.642473351000001,8.650632577999998,0.0009436392783917244
2026-10-01 11:16:57,1773.825,0,488,100,0,74.9999,16.639588029999995,16.681649710000002,0.00252461690218155
2026-10-01 11:17:11,1788.322,0,488,100,1,74.9999,16.62034615,16.652852849999995,0.0019539269428223874
2026-10-01 11:17:26,1802.747,0,488,100,2,74.9999,16.6769378,16.636315909999997,0.0024387824950170057
2026-10-01 11:17:40,1817.167,0,488,100,3,74.9999,16.622615220000004,16.733920389999998,0.0066736648734364344
2026-10-01 11:17:54,1831.619,0,488,100,4,74.9999,16.55873879,16.69434682,0.00815611709484305
2026-10-01 11:18:09,1846.064,0,488,100,5,74.9999,16.60280675,16.609657189999997,0.0004125222393841672
2026-10-01 11:18:23,1860.515,0,488,100,6,74.9999,16.57985654,16.58993568,0.0006077300655456701
2026-10-01 11:18:38,1874.971,0,488,100,7,74.9999,16.595389500000003,16.59822557,0.00017088045360629604
2026-10-01 11:18:52,1889.379,0,488,100,8,74.9999,16.54595508,16.5799003,0.0020494697939479846
2026-10-01 11:19:07,1903.785,0,488,100,9,74.9999,16.500926399999997,16.52243622,0.001302703195160089
2026-10-01 11:19:32,1928.772,0,560,100,0,74.9999,19.15168538,19.064623870000002,0.004556248978961675
2026-10-01 11:19:46,1943.326,0,560,100,1,74.9999,19.59654392,19.32764462,0.013816565487224798
2026-10-01 11:20:01,1957.755,0,560,100,2,74.9999,19.409562280000003,19.34307365,0.0034314378056812633
2026-10-01 11:20:15,1972.185,0,560,100,3,74.9999,19.22882888,19.3089094,0.004155953284968064
2026-10-01 11:20:29,1986.614,0,560,100,4,74.9999,19.345277350000003,19.292747040000002,0.0027190991687244303
2026-10-01 11:20:44,2001.026,0,560,100,5,74.9999,19.326909829999998,19.39193141,0.0033586531991990653
2026-10-01 11:20:58,2015.528,0,560,100,6,74.9999,19.30450107,19.334256840000002,0.0015402032368281836
2026-10-01 11:21:13,2029.967,0,560,100,7,74.9999,19.301564069999998,19.303767210000004,0.00011413656751327262
2026-10-01 11:21:27,2044.374,0,560,100,8,74.9999,19.244256800000002,19.33352258,0.004627834024385364
2026-10-01 11:21:42,2058.824,0,560,100,9,74.9999,19.254543079999998,19.269604430000005,0.0007819173673394008
2026-10-01 11:22:06,2083.508,0,560,200,0,74.9999,39.07334097,39.18244428,0.0027883768503876036
2026-10-01 11:22:21,2097.961,0,560,200,1,74.9999,39.062320060000005,39.06856513,0.00015986174954530857
2026-10-01 11:22:35,2112.414,0,560,200,2,74.9999,38.9300745,39.11999350999999,0.004866594350069162
2026-10-01 11:22:50,2126.844,0,560,200,3,74.9999,38.9506463,39.00354431000001,0.0013571562884836404
2026-10-01 11:23:04,2141.356,0,560,200,4,74.9999,38.94329927,39.21954481000001,0.007068461831232077
2026-10-01 11:23:19,2155.759,0,560,200,5,74.9999,39.11227992,39.15819787,0.0011733146723136496
2026-10-01 11:23:33,2170.213,0,560,200,6,74.9999,38.91354427,39.075177909999994,0.00414505163007893
2026-10-01 11:23:47,2184.624,0,560,200,7,74.9999,38.89848402,38.982973630000004,0.0021696977059598127
2026-10-01 11:24:02,2199.06,0,560,200,8,74.9999,39.18354548,39.01272825,0.0043689352919757665
2026-10-01 11:24:16,2213.542,0,560,200,9,74.9999,39.05056491,39.05570767000001,0.0001316862226332721
2026-10-01 11:24:42,2239.311,0,560,500,0,74.9999,99.44222866,99.59541112000001,0.0015392310737740468
2026-10-01 11:24:57,2253.696,0,560,500,1,74.9999,99.84337166,100.0836195,0.002403355731070114
2026-10-01 11:25:11,2268.107,0,560,500,2,74.9999,99.80039522,100.36537279999999,0.005645096917306452
2026-10-01 11:25:25,2282.545,0,560,500,3,74.9999,99.8294145,100.19235679999998,0.0036290279567180905
2026-10-01 11:25:40,2296.931,0,560,500,4,74.9999,99.96386471,100.09133359999997,0.0012743371937024327
2026-10-01 11:25:54,2311.325,0,560,500,5,74.9999,99.75962042,100.17031060000001,0.004108341136364616
2026-10-01 11:26:09,2325.734,0,560,500,6,74.9999,99.63802696999998,100.00500670000001,0.0036763589818678546
2026-10-01 11:26:23,2340.129,0,560,500,7,74.9999,99.79304674000001,100.1276999,0.0033478582450735066
2026-10-01 11:26:37,2354.523,0,560,500,8,74.9999,99.69275744999999,100.199332,0.0050684802124370465
2026-10-01 11:26:52,2368.922,0,560,500,9,74.9999,99.82096479,100.11520979999999,0.0029433894151808995
2026-10-01 11:27:18,2394.708,0,560,1000,0,74.9999,207.27895050000004,207.1762771,0.000495461961450444
2026-10-01 11:27:32,2409.117,0,560,1000,1,74.9999,206.288846,206.29617729999998,3.553837190374684e-05
2026-10-01 11:27:46,2423.591,0,560,1000,2,74.9999,205.867143,206.63356480000002,0.003715978108680557
2026-10-01 11:28:01,2438.085,0,560,1000,3,74.9999,206.0138271,206.5345467,0.0025244050543873782
2026-10-01 11:28:15,2452.56,0,560,1000,4,74.9999,206.13117820000002,206.79489809999998,0.003214715359936503
2026-10-01 11:28:30,2467.001,0,560,1000,5,74.9999,205.99182399999998,206.3108488,0.0015475271980823426
2026-10-01 11:28:44,2481.465,0,560,1000,6,74.9999,205.69113349999995,206.25584730000003,0.002741681946076678
2026-10-01 11:28:59,2495.955,0,560,1000,7,74.9999,205.8708087,206.42819569999997,0.002703799883344939
2026-10-01 11:29:13,2510.402,0,560,1000,8,74.9999,205.5957856,206.18984709999995,0.0028852949341860445
2026-10-01 11:29:28,2524.798,0,560,1000,9,74.9999,205.65079159999996,206.32551179999996,0.003275529172098475
2026-10-01 11:29:53,2549.808,0,642,100,0,74.9999,16.96048229,16.952356319999996,0.00047922676679794266
2026-10-01 11:30:07,2564.257,0,642,100,1,74.9999,16.99986085,16.92985445,0.004126553929558052
2026-10-01 11:30:22,2578.756,0,642,100,2,74.9999,17.0157997,17.001423420000002,0.0008452353649963014
2026-10-01 11:30:36,2593.264,0,642,100,3,74.9999,16.946730749999997,17.001111440000003,0.0032037788850111104
2026-10-01 11:30:51,2607.698,0,642,100,4,74.9999,16.94298013,17.01079961,0.0039948118011794995
2026-10-01 11:31:05,2622.15,0,642,100,5,74.9999,16.940480459999996,16.992671579999996,0.0030761138805188238
2026-10-01 11:31:19,2636.593,0,642,100,6,74.9999,17.03361347,17.02017506,0.0007892461062392769
2026-10-01 11:31:34,2651.055,0,642,100,7,74.9999,17.015174589999997,16.937042209999998,0.004602490639138448
2026-10-01 11:31:48,2665.442,0,642,100,8,74.9999,17.01392514,16.99798553,0.0009372957699821109
2026-10-01 11:32:03,2679.855,0,642,100,9,74.9999,17.04049,16.98017102,0.003546020458834585
2026-10-01 11:32:27,2704.546,0,642,200,0,74.9999,34.20162499,34.25038047,0.0014245157515069265
2026-10-01 11:32:42,2718.956,0,642,200,1,74.9999,34.34382789,34.283820899999995,0.0017487700965430407
2026-10-01 11:32:56,2733.4,0,642,200,2,74.9999,34.235065420000005,34.218501669999995,0.0004839411795219626
2026-10-01 11:33:11,2747.816,0,642,200,3,74.9999,34.27507058,34.18662512,0.0025837940207489056
2026-10-01 11:33:25,2762.213,0,642,200,4,74.9999,34.20381323,34.221627180000006,0.0005206820706820291
2026-10-01 11:33:39,2776.618,0,642,200,5,74.9999,34.24350506,34.27194430000001,0.0008301555420174952
2026-10-01 11:33:54,2791.027,0,642,200,6,74.9999,34.24819298999999,34.18537491,0.0018358849882498223
2026-10-01 11:34:08,2805.506,0,642,200,7,74.9999,34.21631416,34.21506434,3.652768736801893e-05
2026-10-01 11:34:23,2819.986,0,642,200,8,74.9999,34.21850203000001,34.146620340000005,0.002102876072128501
2026-10-01 11:34:37,2834.449,0,642,200,9,74.9999,34.22537781,34.215689069999996,0.0002831265040619255
2026-10-01 11:35:03,2860.291,0,642,500,0,74.9999,86.29290836,86.34697498,0.0006263514427140878
2026-10-01 11:35:18,2874.736,0,642,500,1,74.9999,86.31415664000001,86.39448137999999,0.0009301762890479016
2026-10-01 11:35:32,2889.138,0,642,500,2,74.9999,86.37854085,86.22852265,0.0017382625827475596
2026-10-01 11:35:46,2903.531,0,642,500,3,74.9999,86.31509691000001,86.30603328,0.000105011825493647
2026-10-01 11:36:01,2918.055,0,642,500,4,74.9999,86.31166067999999,86.27946895999999,0.00037304026072657845
2026-10-01 11:36:15,2932.517,0,642,500,5,74.9999,86.28665580999998,86.32478339000001,0.0004417735021123962
2026-10-01 11:36:30,2946.95,0,642,500,6,74.9999,86.30291073000001,86.31103485,9.413051735412227e-05
2026-10-01 11:36:44,2961.403,0,642,500,7,74.9999,86.26759124999998,86.2957202,0.000326013099350779
2026-10-01 11:36:59,2975.815,0,642,500,8,74.9999,86.19946019,86.23446524,0.00040601117109312476
2026-10-01 11:37:13,2990.208,0,642,500,9,74.9999,86.23540028000001,86.29040792,0.0006376743349172667
2026-10-01 11:37:39,3016.036,0,642,1000,0,74.9999,175.1037628,175.55613079999995,0.002580095461478519
2026-10-01 11:37:53,3030.511,0,642,1000,1,74.9999,175.3939062,174.46419289999997,0.005314802214907658
2026-10-01 11:38:08,3044.955,0,642,1000,2,74.9999,174.957134,175.6154134,0.003755453214360834
2026-10-01 11:38:22,3059.504,0,642,1000,3,74.9999,175.0132966,174.92905549999998,0.0004814570142452561
2026-10-01 11:38:37,3074.043,0,642,1000,4,74.9999,174.7917725,174.95712950000004,0.0009455755203487592
2026-10-01 11:38:51,3088.504,0,642,1000,5,74.9999,174.75121589999998,174.84169720000003,0.0005176380676468018
2026-10-01 11:39:06,3102.949,0,642,1000,6,74.9999,174.7044249,174.72937979999998,0.0001428304855702653
2026-10-01 11:39:20,3117.394,0,642,1000,7,74.9999,174.4985196,174.9103368,0.00235722244846912
2026-10-01 11:39:35,3131.894,0,642,1000,8,74.9999,174.6357903,174.91345429999998,0.0015886974684652905
2026-10-01 11:39:49,3146.336,0,642,1000,9,74.9999,174.6201918,174.72625949999997,0.0006072350218831766
2026-10-01 16:14:32,19628.968,1,405,50,0,74.9999,634.0811314000001,636.1125111000001,0.00319853545480173
2026-10-01 16:14:46,19643.377,1,405,50,1,74.9999,634.6550940999999,635.909957,0.001975283200043365
2026-10-01 16:15:01,19657.764,1,405,50,2,74.9999,634.5200361,634.8407924999999,0.0005053825402091608
2026-10-01 16:15:15,19672.165,1,405,50,3,74.9999,634.0417447000001,634.9589646000001,0.0014455782306156723
2026-10-01 16:15:29,19686.57,1,405,50,4,74.9999,634.5706759000001,634.1092588999999,0.0007273970169205051
2026-10-01 16:15:44,19700.969,1,405,50,5,74.9999,633.4170997000001,634.0079666,0.0009323894811783138
2026-10-01 16:15:58,19715.347,1,405,50,6,74.9999,632.4211240000001,634.6438347000001,0.0035084400128632376
2026-10-01 16:16:13,19729.779,1,405,50,7,74.9999,632.8937890000001,633.1638933000002,0.0004266856143700853
2026-10-01 16:16:27,19744.182,1,405,50,8,74.9999,632.8600050000001,634.4581304,0.002522058755981477
2026-10-01 16:16:42,19758.693,1,405,50,9,74.9999,632.3704422999999,633.9967072999999,0.0025683941667527755
2026-10-01 16:17:24,19801.254,1,405,100,0,74.9999,633.9685857000001,635.5948388999999,0.0025619093437765335
2026-10-01 16:17:39,19815.683,1,405,100,1,74.9999,633.3496094999999,634.9871099999999,0.002582122672669318
2026-10-01 16:17:53,19830.11,1,405,100,2,74.9999,633.3721162,636.0843837999998,0.00427311625093068
2026-10-01 16:18:07,19844.549,1,405,100,3,74.9999,632.4717701,635.3697241,0.004571476818288895
2026-10-01 16:18:22,19859.049,1,405,100,4,74.9999,633.1076204,634.8408043999999,0.002733839904053387
2026-10-01 16:18:36,19873.468,1,405,100,5,74.9999,633.2257986000001,634.2049539000001,0.0015451026386548122
2026-10-01 16:18:51,19887.874,1,405,100,6,74.9999,633.3889604000001,634.5312951999998,0.0018019032268857624
2026-10-01 16:19:05,19902.266,1,405,100,7,74.9999,632.6630651000002,634.1261566000001,0.002309920979650382
2026-10-01 16:19:20,19916.667,1,405,100,8,74.9999,632.5955689,634.1711582,0.0024875760726791934
2026-10-01 16:19:34,19931.069,1,405,100,9,74.9999,632.6687217,633.1414043999999,0.0007468461347458173
2026-10-01 16:20:17,19973.668,1,405,150,0,74.9999,633.9460789999999,634.0586126000001,0.00017749713505889648
2026-10-01 16:20:31,19988.07,1,405,150,1,74.9999,633.4283712,634.6663415,0.0019524887023054758
2026-10-01 16:20:45,20002.462,1,405,150,2,74.9999,633.3383322999999,633.2876981,7.995130178084239e-05
2026-10-01 16:21:00,20016.86,1,405,150,3,74.9999,632.3929904999999,633.9179337999999,0.00240848163075429
2026-10-01 16:21:14,20031.272,1,405,150,4,74.9999,633.0175877999999,633.5521518999999,0.0008441131715757372
2026-10-01 16:21:29,20045.695,1,405,150,5,74.9999,632.6405824,633.6928366,0.0016618912274003455
2026-10-01 16:21:43,20060.065,1,405,150,6,74.9999,631.2225341999999,633.7040841999999,0.00392362681582094
2026-10-01 16:21:57,20074.472,1,405,150,7,74.9999,631.5488935000001,633.6196782,0.0032735316799995663
2026-10-01 16:22:12,20088.866,1,405,150,8,74.9999,631.6839515,633.3327235,0.002606719788891333
2026-10-01 16:22:26,20103.242,1,405,150,9,74.9999,631.5939249,632.6180458,0.0016201727617448465
2026-10-01 16:22:51,20128.524,1,488,50,0,74.9999,8.090879490999999,8.043932263,0.005819371024066642
2026-10-01 16:23:06,20142.909,1,488,50,1,74.9999,8.013170678,8.042841311,0.0036958907380397676
2026-10-01 16:23:20,20157.309,1,488,50,2,74.9999,8.042666781000001,8.064220844000001,0.002676378391880654
2026-10-01 16:23:35,20171.696,1,488,50,3,74.9999,8.033241332000001,8.014305216,0.0023600013800690028
2026-10-01 16:23:49,20186.089,1,488,50,4,74.9999,7.981625198000001,8.000343108000001,0.00234237856584576
2026-10-01 16:24:03,20200.514,1,488,50,5,74.9999,8.020893579,8.024994657,0.0005111687105982286
2026-10-01 16:24:18,20214.899,1,488,50,6,74.9999,8.022769448,8.048644475999998,0.003220006419143731
2026-10-01 16:24:32,20229.311,1,488,50,7,74.9999,8.001128677999999,8.036906366,0.004461604916293806
2026-10-01 16:24:47,20243.693,1,488,50,8,74.9999,7.987515349,8.000037912,0.0015665390188938553
2026-10-01 16:25:01,20258.112,1,488,50,9,74.9999,7.963823714,8.009505646000001,0.005719775880211464
2026-10-01 16:25:26,20282.822,1,488,100,0,74.9999,15.34996059,15.49556032,0.00944057520862266
2026-10-01 16:25:40,20297.283,1,488,100,1,74.9999,15.424178809999999,15.36776237,0.003664363975639393
2026-10-01 16:25:55,20311.732,1,488,100,2,74.9999,15.402319639999998,15.464014269999998,0.003997535319865907
2026-10-01 16:26:09,20326.206,1,488,100,3,74.9999,15.413794649999998,15.40292976,0.0007051294521408088
2026-10-01 16:26:23,20340.616,1,488,100,4,74.9999,15.42190992,15.397912530000003,0.0015572698407934106
2026-10-01 16:26:38,20355.0,1,488,100,5,74.9999,15.341103439999998,15.46226906,0.00786703598769926
2026-10-01 16:26:52,20369.404,1,488,100,6,74.9999,15.430505380000001,15.45075028,0.0013111448720150916
2026-10-01 16:27:07,20383.803,1,488,100,7,74.9999,15.354585540000002,15.501538290000001,0.009525029832627473
2026-10-01 16:27:21,20398.214,1,488,100,8,74.9999,15.33224655,15.42876017,0.006275062508747414
2026-10-01 16:27:35,20412.596,1,488,100,9,74.9999,15.386960359999998,15.382204190000001,0.00030915171533292275
2026-10-01 16:28:01,20437.64,1,560,100,0,74.9999,19.75303385,19.805197589999995,0.002637314060873188
2026-10-01 16:28:15,20452.071,1,560,100,1,74.9999,19.77213568,19.733196850000002,0.0019713201993897663
2026-10-01 16:28:29,20466.523,1,560,100,2,74.9999,19.761850120000002,19.818789130000003,0.0028771142194223493
2026-10-01 16:28:44,20481.031,1,560,100,3,74.9999,19.738339800000002,19.73429918,0.0002047301677523352
2026-10-01 16:28:58,20495.447,1,560,100,4,74.9999,19.736871500000003,19.7515644,0.0007441621662202354
2026-10-01 16:29:13,20509.927,1,560,100,5,74.9999,19.742747759999997,19.691686889999996,0.0025896590354694284
2026-10-01 16:29:27,20524.365,1,560,100,6,74.9999,19.692054029999998,19.72291191,0.0015657950864134517
2026-10-01 16:29:42,20538.822,1,560,100,7,74.9999,19.745320259999996,19.76552363,0.00102267468932081
2026-10-01 16:29:56,20553.196,1,560,100,8,74.9999,19.631808990000003,19.77838149,0.007438304571219
2026-10-01 16:30:10,20567.626,1,560,100,9,74.9999,19.69352383,19.67625767,0.0008771275502253888
2026-10-01 16:30:35,20592.264,1,560,200,0,74.9999,39.821260790000004,39.92816022,0.002680882911653845
