iso_time,elapsed_s,cycle,i,power
2026-10-01 15:34:47,17244.431,0,0,0.0010988385645984999
2026-10-01 15:34:52,17249.485,0,1,-2.2975319e-06
2026-10-01 15:34:57,17254.565,0,2,-3.861360878e-06
2026-10-01 15:35:02,17259.623,0,3,-4.43587789e-06
2026-10-01 15:35:08,17264.659,0,4,-5.042312746e-06
2026-10-01 15:35:13,17269.718,0,5,-5.1699831099999996e-06
2026-10-01 15:35:18,17274.779,0,6,-5.138065574e-06
2026-10-01 15:35:23,17279.862,0,7,-5.457241726e-06
2026-10-01 15:35:28,17284.92,0,8,-5.425324058000001e-06
2026-10-01 15:35:33,17289.983,0,9,-5.552994598e-06
2026-10-01 15:35:38,17295.061,0,10,-5.521076930000001e-06
2026-10-01 15:35:43,17300.12,0,11,-5.584912134e-06
