iso_time,elapsed_s,cycle,laser,laser_power,i,commanded,readback,power
2026-10-01 10:48:03,39.83,0,405,50,0,75.0,74.9999,0.008639119461
2026-10-01 10:48:10,46.747,0,405,50,1,75.0,74.9999,0.008723800872
2026-10-01 10:48:17,53.677,0,405,50,2,75.0,74.9999,0.008811417684000001
2026-10-01 10:48:23,60.581,0,405,50,3,75.0,74.9999,0.008902085668000001
2026-10-01 10:48:30,67.498,0,405,50,4,75.0,74.9999,0.008994653487
2026-10-01 10:48:37,74.392,0,405,50,5,75.0,74.9999,0.0090916541
2026-10-01 10:48:44,81.296,0,405,50,6,75.0,74.9999,0.009191302068999999
2026-10-01 10:48:51,88.203,0,405,50,7,75.0,74.9999,0.009286287333000002
2026-10-01 10:48:58,95.103,0,405,50,8,75.0,74.9999,0.009371140637
2026-10-01 10:49:05,102.005,0,405,50,9,75.0,74.9999,0.009459736885
2026-10-01 10:49:38,135.481,0,405,100,0,75.0,74.9999,0.020389672509999998
2026-10-01 10:49:45,142.38,0,405,100,1,75.0,74.9999,0.020653041230000002
2026-10-01 10:49:52,149.293,0,405,100,2,75.0,74.9999,0.020914682679999998
2026-10-01 10:49:59,156.225,0,405,100,3,75.0,74.9999,0.02118167702
2026-10-01 10:50:06,163.138,0,405,100,4,75.0,74.9999,0.021426912840000003
2026-10-01 10:50:13,170.043,0,405,100,5,75.0,74.9999,0.02169903146
2026-10-01 10:50:20,176.929,0,405,100,6,75.0,74.9999,0.021959579679999997
2026-10-01 10:50:27,183.828,0,405,100,7,75.0,74.9999,0.022258869639999998
2026-10-01 10:50:34,190.733,0,405,100,8,75.0,74.9999,0.022529087790000003
2026-10-01 10:50:40,197.63,0,405,100,9,75.0,74.9999,0.02280851694
2026-10-01 10:51:14,231.075,0,405,150,0,75.0,74.9999,0.035811372419999994
2026-10-01 10:51:21,237.976,0,405,150,1,75.0,74.9999,0.03635489192
2026-10-01 10:51:28,244.895,0,405,150,2,75.0,74.9999,0.03684940894
2026-10-01 10:51:35,251.822,0,405,150,3,75.0,74.9999,0.03744643252
2026-10-01 10:51:42,258.722,0,405,150,4,75.0,74.9999,0.03786829437
2026-10-01 10:51:48,265.632,0,405,150,5,75.0,74.9999,0.038399984639999996
2026-10-01 10:51:55,272.534,0,405,150,6,75.0,74.9999,0.03903418436
2026-10-01 10:52:02,279.429,0,405,150,7,75.0,74.9999,0.039582208060000006
2026-10-01 10:52:09,286.319,0,405,150,8,75.0,74.9999,0.040136989979999996
2026-10-01 10:52:16,293.22,0,405,150,9,75.0,74.9999,0.04082694832
2026-10-01 10:52:32,309.342,0,488,50,0,75.0,74.9999,7.053138548
2026-10-01 10:52:39,316.241,0,488,50,1,75.0,74.9999,9.212262837
2026-10-01 10:52:46,323.143,0,488,50,2,75.0,74.9999,9.299570601
2026-10-01 10:52:53,330.048,0,488,50,3,75.0,74.9999,9.302755632999999
2026-10-01 10:53:00,336.947,0,488,50,4,75.0,74.9999,9.290407972
2026-10-01 10:53:07,343.831,0,488,50,5,75.0,74.9999,9.284517168
2026-10-01 10:53:14,350.731,0,488,50,6,75.0,74.9999,9.28264074
2026-10-01 10:53:20,357.629,0,488,50,7,75.0,74.9999,9.283033478
2026-10-01 10:53:27,364.538,0,488,50,8,75.0,74.9999,9.281331579
2026-10-01 10:53:34,371.434,0,488,50,9,75.0,74.9999,9.275353978999998
2026-10-01 10:53:50,386.971,0,488,100,0,75.0,74.9999,17.950159119999995
2026-10-01 10:53:57,393.877,0,488,100,1,75.0,74.9999,17.918875810000003
2026-10-01 10:54:04,400.781,0,488,100,2,75.0,74.9999,17.85857604
2026-10-01 10:54:11,407.676,0,488,100,3,75.0,74.9999,17.88781006
2026-10-01 10:54:17,414.575,0,488,100,4,75.0,74.9999,17.94671229
2026-10-01 10:54:24,421.469,0,488,100,5,75.0,74.9999,17.855390909999997
2026-10-01 10:54:31,428.371,0,488,100,6,75.0,74.9999,17.88008641
2026-10-01 10:54:38,435.276,0,488,100,7,75.0,74.9999,17.913421990000003
2026-10-01 10:54:45,442.186,0,488,100,8,75.0,74.9999,17.91625787
2026-10-01 10:54:52,449.117,0,488,100,9,75.0,74.9999,17.92380604
2026-10-01 10:55:08,464.969,0,560,100,0,75.0,74.9999,19.604993049999997
2026-10-01 10:55:15,471.919,0,560,100,1,75.0,74.9999,19.565318910000002
2026-10-01 10:55:22,478.92,0,560,100,2,75.0,74.9999,19.468707029999997
2026-10-01 10:55:29,485.817,0,560,100,3,75.0,74.9999,19.442256909999998
2026-10-01 10:55:36,492.716,0,560,100,4,75.0,74.9999,19.530788240000003
2026-10-01 10:55:42,499.616,0,560,100,5,75.0,74.9999,19.515359589999996
2026-10-01 10:55:49,506.52,0,560,100,6,75.0,74.9999,19.47789063
2026-10-01 10:55:56,513.417,0,560,100,7,75.0,74.9999,19.467604509999997
2026-10-01 10:56:03,520.328,0,560,100,8,75.0,74.9999,19.547685419999997
2026-10-01 10:56:10,527.235,0,560,100,9,75.0,74.9999,19.49442122
2026-10-01 10:56:26,542.864,0,560,200,0,75.0,74.9999,39.59644362
2026-10-01 10:56:33,549.772,0,560,200,1,75.0,74.9999,39.50938284
2026-10-01 10:56:40,556.668,0,560,200,2,75.0,74.9999,39.15672933999999
2026-10-01 10:56:46,563.574,0,560,200,3,75.0,74.9999,39.486607899999996
2026-10-01 10:56:53,570.476,0,560,200,4,75.0,74.9999,39.70628232000001
2026-10-01 10:57:00,577.383,0,560,200,5,75.0,74.9999,39.4623626
2026-10-01 10:57:07,584.367,0,560,200,6,75.0,74.9999,39.36207630999999
2026-10-01 10:57:14,591.314,0,560,200,7,75.0,74.9999,39.40321952000001
2026-10-01 10:57:21,598.221,0,560,200,8,75.0,74.9999,39.24819865
2026-10-01 10:57:28,605.125,0,560,200,9,75.0,74.9999,39.50093424999999
2026-10-01 10:57:45,621.883,0,560,500,0,75.0,74.9999,100.76505170000001
2026-10-01 10:57:52,628.783,0,560,500,1,75.0,74.9999,99.35259742999999
2026-10-01 10:57:59,635.718,0,560,500,2,75.0,74.9999,100.187944
2026-10-01 10:58:06,642.672,0,560,500,3,75.0,74.9999,99.79341326999999
2026-10-01 10:58:12,649.572,0,560,500,4,75.0,74.9999,100.17068030000001
2026-10-01 10:58:19,656.467,0,560,500,5,75.0,74.9999,100.2610474
2026-10-01 10:58:26,663.368,0,560,500,6,75.0,74.9999,100.0843548
2026-10-01 10:58:33,670.287,0,560,500,7,75.0,74.9999,100.06818929999999
2026-10-01 10:58:40,677.214,0,560,500,8,75.0,74.9999,100.1269623
2026-10-01 10:58:47,684.118,0,560,500,9,75.0,74.9999,100.0545973
2026-10-01 10:59:04,700.818,0,560,1000,0,75.0,74.9999,207.09927079999997
2026-10-01 10:59:11,707.72,0,560,1000,1,75.0,74.9999,204.2866513
2026-10-01 10:59:17,714.616,0,560,1000,2,75.0,74.9999,204.48467269999998
2026-10-01 10:59:24,721.519,0,560,1000,3,75.0,74.9999,205.03472689999998
2026-10-01 10:59:31,728.433,0,560,1000,4,75.0,74.9999,204.9907179
2026-10-01 10:59:38,735.368,0,560,1000,5,75.0,74.9999,205.28775760000002
2026-10-01 10:59:45,742.268,0,560,1000,6,75.0,74.9999,205.11541079999995
2026-10-01 10:59:52,749.168,0,560,1000,7,75.0,74.9999,205.0127224
2026-10-01 10:59:59,756.068,0,560,1000,8,75.0,74.9999,205.15208539999998
2026-10-01 11:00:06,762.969,0,560,1000,9,75.0,74.9999,205.23642300000003
2026-10-01 11:00:22,778.818,0,642,100,0,75.0,74.9999,16.5548157
2026-10-01 11:00:29,785.724,0,642,100,1,75.0,74.9999,16.73045829
2026-10-01 11:00:36,792.658,0,642,100,2,75.0,74.9999,16.73577149
2026-10-01 11:00:42,799.571,0,642,100,3,75.0,74.9999,16.762024349999997
2026-10-01 11:00:49,806.485,0,642,100,4,75.0,74.9999,16.80640299
2026-10-01 11:00:56,813.352,0,642,100,5,75.0,74.9999,16.72545784
2026-10-01 11:01:03,820.259,0,642,100,6,75.0,74.9999,16.80296585
2026-10-01 11:01:10,827.168,0,642,100,7,75.0,74.9999,16.78358838
2026-10-01 11:01:17,834.074,0,642,100,8,75.0,74.9999,16.69232994
2026-10-01 11:01:24,840.973,0,642,100,9,75.0,74.9999,16.696392950000003
2026-10-01 11:01:39,856.464,0,642,200,0,75.0,74.9999,33.498427639999996
2026-10-01 11:01:46,863.366,0,642,200,1,75.0,74.9999,33.803147810000006
2026-10-01 11:01:53,870.269,0,642,200,2,75.0,74.9999,33.652819709999996
2026-10-01 11:02:00,877.162,0,642,200,3,75.0,74.9999,33.583749829999995
2026-10-01 11:02:07,884.067,0,642,200,4,75.0,74.9999,33.78126958
2026-10-01 11:02:14,890.976,0,642,200,5,75.0,74.9999,33.66969564
2026-10-01 11:02:21,897.868,0,642,200,6,75.0,74.9999,33.63781684
2026-10-01 11:02:28,904.785,0,642,200,7,75.0,74.9999,33.74657892
2026-10-01 11:02:35,911.687,0,642,200,8,75.0,74.9999,33.68344716000001
2026-10-01 11:02:41,918.59,0,642,200,9,75.0,74.9999,33.73220264
2026-10-01 11:02:58,935.263,0,642,500,0,75.0,74.9999,85.08653419
2026-10-01 11:03:05,942.212,0,642,500,1,75.0,74.9999,84.89807769999999
2026-10-01 11:03:12,949.11,0,642,500,2,75.0,74.9999,84.94339436000001
2026-10-01 11:03:19,956.012,0,642,500,3,75.0,74.9999,85.1827927
2026-10-01 11:03:26,962.929,0,642,500,4,75.0,74.9999,85.18966659000002
2026-10-01 11:03:33,969.829,0,642,500,5,75.0,74.9999,85.21217258000001
2026-10-01 11:03:40,976.763,0,642,500,6,75.0,74.9999,85.42312756000001
2026-10-01 11:03:47,983.678,0,642,500,7,75.0,74.9999,85.17497703999999
2026-10-01 11:03:53,990.585,0,642,500,8,75.0,74.9999,85.34468413
2026-10-01 11:04:00,997.471,0,642,500,9,75.0,74.9999,85.1756029
2026-10-01 11:04:17,1014.108,0,642,1000,0,75.0,74.9999,173.6779987
2026-10-01 11:04:24,1020.961,0,642,1000,1,75.0,74.9999,173.31610450000002
2026-10-01 11:04:31,1027.873,0,642,1000,2,75.0,74.9999,173.52824080000002
2026-10-01 11:04:38,1034.779,0,642,1000,3,75.0,74.9999,173.5220031
2026-10-01 11:04:45,1041.671,0,642,1000,4,75.0,74.9999,173.5126408
2026-10-01 11:04:51,1048.557,0,642,1000,5,75.0,74.9999,173.74975820000003
2026-10-01 11:04:58,1055.467,0,642,1000,6,75.0,74.9999,173.7528739
2026-10-01 11:05:05,1062.407,0,642,1000,7,75.0,74.9999,173.87454230000003
2026-10-01 11:05:12,1069.308,0,642,1000,8,75.0,74.9999,174.0274208
2026-10-01 11:05:19,1076.218,0,642,1000,9,75.0,74.9999,174.102302
2026-10-01 15:56:33,18550.245,1,405,50,0,75.0,74.9999,0.031327486419999995
2026-10-01 15:56:40,18557.155,1,405,50,1,75.0,74.9999,0.03166936876
2026-10-01 15:56:47,18564.065,1,405,50,2,75.0,74.9999,0.03168513793
2026-10-01 15:56:54,18570.96,1,405,50,3,75.0,74.9999,0.03184002672
2026-10-01 15:57:01,18577.862,1,405,50,4,75.0,74.9999,0.03233285426
2026-10-01 15:57:08,18584.762,1,405,50,5,75.0,74.9999,0.031507719909999996
2026-10-01 15:57:15,18591.693,1,405,50,6,75.0,74.9999,0.03195717981000001
2026-10-01 15:57:22,18598.642,1,405,50,7,75.0,74.9999,0.031814682719999994
2026-10-01 15:57:28,18605.591,1,405,50,8,75.0,74.9999,0.031867626600000004
2026-10-01 15:57:35,18612.492,1,405,50,9,75.0,74.9999,0.031645712449999995
2026-10-01 15:58:09,18645.897,1,405,100,0,75.0,74.9999,0.07007274251
2026-10-01 15:58:16,18652.801,1,405,100,1,75.0,74.9999,0.07178496962
2026-10-01 15:58:23,18659.703,1,405,100,2,75.0,74.9999,0.07135240668000001
2026-10-01 15:58:29,18666.61,1,405,100,3,75.0,74.9999,0.07118512513000001
2026-10-01 15:58:36,18673.485,1,405,100,4,75.0,74.9999,0.07176863438
2026-10-01 15:58:43,18680.4,1,405,100,5,75.0,74.9999,0.07168471567
2026-10-01 15:58:50,18687.315,1,405,100,6,75.0,74.9999,0.07122511670000001
2026-10-01 15:58:57,18694.215,1,405,100,7,75.0,74.9999,0.07360589660000001
2026-10-01 15:59:04,18701.111,1,405,100,8,75.0,74.9999,0.07172582846
2026-10-01 15:59:11,18708.014,1,405,100,9,75.0,74.9999,0.07287876506
2026-10-01 15:59:44,18741.385,1,405,150,0,75.0,74.9999,0.11598906580000001
2026-10-01 15:59:51,18748.254,1,405,150,1,75.0,74.9999,0.11597442650000002
2026-10-01 15:59:58,18755.124,1,405,150,2,75.0,74.9999,0.11714200230000002
2026-10-01 16:00:05,18762.01,1,405,150,3,75.0,74.9999,0.11660017040000001
2026-10-01 16:00:12,18768.914,1,405,150,4,75.0,74.9999,0.11998631960000002
2026-10-01 16:00:19,18775.814,1,405,150,5,75.0,74.9999,0.1176866455
2026-10-01 16:00:26,18782.712,1,405,150,6,75.0,74.9999,0.1192941074
2026-10-01 16:00:32,18789.613,1,405,150,7,75.0,74.9999,0.12390246699999999
2026-10-01 16:00:39,18796.513,1,405,150,8,75.0,74.9999,0.1281599354
2026-10-01 16:00:46,18803.397,1,405,150,9,75.0,74.9999,0.12397287199999998
2026-10-01 16:01:02,18819.502,1,488,50,0,75.0,74.9999,7.184601155
2026-10-01 16:01:09,18826.435,1,488,50,1,75.0,74.9999,8.903523629
2026-10-01 16:01:16,18833.359,1,488,50,2,75.0,74.9999,8.998728543
2026-10-01 16:01:23,18840.25,1,488,50,3,75.0,74.9999,9.057499933
2026-10-01 16:01:30,18847.186,1,488,50,4,75.0,74.9999,9.006931169000001
2026-10-01 16:01:37,18854.086,1,488,50,5,75.0,74.9999,9.042185358
2026-10-01 16:01:44,18860.993,1,488,50,6,75.0,74.9999,9.003920575
2026-10-01 16:01:51,18867.895,1,488,50,7,75.0,74.9999,9.021373089999999
2026-10-01 16:01:58,18874.839,1,488,50,8,75.0,74.9999,9.011076390000001
2026-10-01 16:02:05,18881.735,1,488,50,9,75.0,74.9999,9.042490738
2026-10-01 16:02:20,18897.297,1,488,100,0,75.0,74.9999,17.36047379
2026-10-01 16:02:27,18904.185,1,488,100,1,75.0,74.9999,17.50393604
2026-10-01 16:02:34,18911.134,1,488,100,2,75.0,74.9999,17.44769439
2026-10-01 16:02:41,18918.042,1,488,100,3,75.0,74.9999,17.40746647
2026-10-01 16:02:48,18924.946,1,488,100,4,75.0,74.9999,17.51584802
2026-10-01 16:02:55,18931.883,1,488,100,5,75.0,74.9999,17.452275399999998
2026-10-01 16:03:02,18938.786,1,488,100,6,75.0,74.9999,17.34219269
2026-10-01 16:03:09,18945.69,1,488,100,7,75.0,74.9999,17.57099833
2026-10-01 16:03:15,18952.59,1,488,100,8,75.0,74.9999,17.470339690000003
2026-10-01 16:03:22,18959.504,1,488,100,9,75.0,74.9999,17.527628500000002
2026-10-01 16:03:38,18975.36,1,560,100,0,75.0,74.9999,19.337196629999998
2026-10-01 16:03:45,18982.282,1,560,100,1,75.0,74.9999,19.36364526
2026-10-01 16:03:52,18989.186,1,560,100,2,75.0,74.9999,19.474584789999998
2026-10-01 16:03:59,18996.131,1,560,100,3,75.0,74.9999,19.398543429999997
2026-10-01 16:04:06,19003.03,1,560,100,4,75.0,74.9999,19.45731825
2026-10-01 16:04:13,19009.895,1,560,100,5,75.0,74.9999,19.43123749
2026-10-01 16:04:20,19016.785,1,560,100,6,75.0,74.9999,19.411766739999997
2026-10-01 16:04:27,19023.704,1,560,100,7,75.0,74.9999,19.38201302
2026-10-01 16:04:33,19030.595,1,560,100,8,75.0,74.9999,19.415807360000002
2026-10-01 16:04:40,19037.533,1,560,100,9,75.0,74.9999,19.43454295
2026-10-01 16:04:56,19053.034,1,560,200,0,75.0,74.9999,39.15819860999999
2026-10-01 16:05:03,19059.933,1,560,200,1,75.0,74.9999,39.43995425
2026-10-01 16:05:10,19066.837,1,560,200,2,75.0,74.9999,39.20705579999999
2026-10-01 16:05:17,19073.786,1,560,200,3,75.0,74.9999,39.24452551
2026-10-01 16:05:24,19080.694,1,560,200,4,75.0,74.9999,39.26289304
2026-10-01 16:05:30,19087.635,1,560,200,5,75.0,74.9999,39.28640262000001
2026-10-01 16:05:37,19094.539,1,560,200,6,75.0,74.9999,39.443260810000005
2026-10-01 16:05:44,19101.453,1,560,200,7,75.0,74.9999,39.303668949999995
2026-10-01 16:05:51,19108.359,1,560,200,8,75.0,74.9999,39.348484570000004
2026-10-01 16:05:58,19115.258,1,560,200,9,75.0,74.9999,38.315501430000005
2026-10-01 16:06:15,19131.902,1,560,500,0,75.0,74.9999,99.75961447
2026-10-01 16:06:22,19138.835,1,560,500,1,75.0,74.9999,99.56418946000001
2026-10-01 16:06:29,19145.733,1,560,500,2,75.0,74.9999,100.00758025
2026-10-01 16:06:36,19152.649,1,560,500,3,75.0,74.9999,99.88855792
2026-10-01 16:06:42,19159.542,1,560,500,4,75.0,74.9999,100.049457
2026-10-01 16:06:49,19166.481,1,560,500,5,75.0,74.9999,100.1758232
2026-10-01 16:06:56,19173.394,1,560,500,6,75.0,74.9999,99.91978107999999
2026-10-01 16:07:03,19180.334,1,560,500,7,75.0,74.9999,99.97268247000001
2026-10-01 16:07:10,19187.251,1,560,500,8,75.0,74.9999,99.87937283999999
2026-10-01 16:07:17,19194.159,1,560,500,9,75.0,74.9999,99.82427359999998
2026-10-01 16:07:34,19210.807,1,560,1000,0,75.0,74.9999,201.89941220000003
2026-10-01 16:07:41,19217.71,1,560,1000,1,75.0,74.9999,206.92324340000005
2026-10-01 16:07:47,19224.608,1,560,1000,2,75.0,74.9999,205.35375480000002
2026-10-01 16:07:54,19231.504,1,560,1000,3,75.0,74.9999,204.6863675
2026-10-01 16:08:01,19238.406,1,560,1000,4,75.0,74.9999,205.22542729999998
2026-10-01 16:08:08,19245.301,1,560,1000,5,75.0,74.9999,205.130081
2026-10-01 16:08:15,19252.204,1,560,1000,6,75.0,74.9999,205.19975730000002
2026-10-01 16:08:22,19259.105,1,560,1000,7,75.0,74.9999,205.26942019999998
2026-10-01 16:08:29,19266.003,1,560,1000,8,75.0,74.9999,205.401431
2026-10-01 16:08:36,19272.91,1,560,1000,9,75.0,74.9999,205.5701151
2026-10-01 16:08:52,19288.75,1,642,100,0,75.0,74.9999,16.310103429999998
2026-10-01 16:08:59,19295.747,1,642,100,1,75.0,74.9999,16.606383029999996
2026-10-01 16:09:06,19302.644,1,642,100,2,75.0,74.9999,16.572629850000002
2026-10-01 16:09:12,19309.575,1,642,100,3,75.0,74.9999,16.664827069999998
2026-10-01 16:09:19,19316.501,1,642,100,4,75.0,74.9999,16.52887521
2026-10-01 16:09:26,19323.381,1,642,100,5,75.0,74.9999,16.570442550000003
2026-10-01 16:09:33,19330.26,1,642,100,6,75.0,74.9999,16.60138163
2026-10-01 16:09:40,19337.154,1,642,100,7,75.0,74.9999,16.63732267
2026-10-01 16:09:47,19344.078,1,642,100,8,75.0,74.9999,16.5729426
2026-10-01 16:09:54,19350.978,1,642,100,9,75.0,74.9999,16.608257780000002
2026-10-01 16:10:09,19366.476,1,642,200,0,75.0,74.9999,33.43623429
2026-10-01 16:10:16,19373.354,1,642,200,1,75.0,74.9999,33.38810616
2026-10-01 16:10:23,19380.253,1,642,200,2,75.0,74.9999,33.36716593
2026-10-01 16:10:30,19387.152,1,642,200,3,75.0,74.9999,33.43686014999999
2026-10-01 16:10:37,19394.053,1,642,200,4,75.0,74.9999,33.33684951
2026-10-01 16:10:44,19400.953,1,642,200,5,75.0,74.9999,33.38966854
2026-10-01 16:10:51,19407.854,1,642,200,6,75.0,74.9999,33.41529444
2026-10-01 16:10:58,19414.74,1,642,200,7,75.0,74.9999,33.44592229
2026-10-01 16:11:05,19421.641,1,642,200,8,75.0,74.9999,33.36060307
2026-10-01 16:11:11,19428.539,1,642,200,9,75.0,74.9999,33.451548589999994
2026-10-01 16:11:28,19445.173,1,642,500,0,75.0,74.9999,84.21206848
2026-10-01 16:11:35,19452.123,1,642,500,1,75.0,74.9999,84.32770446
2026-10-01 16:11:42,19459.077,1,642,500,2,75.0,74.9999,84.43646729
2026-10-01 16:11:49,19465.981,1,642,500,3,75.0,74.9999,84.12518426000001
2026-10-01 16:11:56,19472.925,1,642,500,4,75.0,74.9999,83.90391097
2026-10-01 16:12:03,19479.851,1,642,500,5,75.0,74.9999,84.32614282
2026-10-01 16:12:10,19486.754,1,642,500,6,75.0,74.9999,84.34895574000001
2026-10-01 16:12:17,19493.654,1,642,500,7,75.0,74.9999,84.17737484
2026-10-01 16:12:23,19500.549,1,642,500,8,75.0,74.9999,84.05767829
2026-10-01 16:12:30,19507.448,1,642,500,9,75.0,74.9999,84.13455932
2026-10-01 16:12:47,19524.012,1,642,1000,0,75.0,74.9999,170.67047949999997
2026-10-01 16:12:54,19530.92,1,642,1000,1,75.0,74.9999,170.6798375
2026-10-01 16:13:01,19537.81,1,642,1000,2,75.0,74.9999,170.202507
2026-10-01 16:13:08,19544.702,1,642,1000,3,75.0,74.9999,170.14946639999997
2026-10-01 16:13:14,19551.634,1,642,1000,4,75.0,74.9999,170.5550404
2026-10-01 16:13:21,19558.571,1,642,1000,5,75.0,74.9999,170.49888840000003
2026-10-01 16:13:28,19565.45,1,642,1000,6,75.0,74.9999,170.27426340000002
2026-10-01 16:13:35,19572.336,1,642,1000,7,75.0,74.9999,170.2305822
2026-10-01 16:13:42,19579.274,1,642,1000,8,75.0,74.9999,170.2961025
2026-10-01 16:13:49,19586.181,1,642,1000,9,75.0,74.9999,169.71580820000003
