iso_time,elapsed_s,cycle,phase,laser,stage,target,laser_power_level,achieved_angle,raw,sample,cali_pred,dev_rel_pct,dev_fs_pct,calipred_vs_meas_pct,pin_factor,shape_ok,check_resid_fs
2026-10-05 11:52:21,18.517,0,,488,before,10.0,50,83.0884,10.514194425,7.775227580611791,10.000103876897622,-22.247724193882092,-10.41613675101076,28.614934716943267,,,
2026-10-05 11:52:24,21.71,0,,488,before,20.0,100,84.8502,20.487769965,15.15066848282082,19.999936950610795,-24.246657585895903,-22.70403021618496,32.00696044064662,,,
2026-10-05 11:52:27,24.66,0,,488,before,30.0,100,92.1557,24.08963292,17.81423956181006,21.358901789152064,-40.619201460633136,-57.05237355205407,19.897914895794976,,,
2026-10-05 11:52:28,25.911,0,,488,before,50.0,100,92.1552,24.360603469999997,18.014621788800646,21.35890179400079,-63.97075642239871,-149.75197938325272,18.564253218345222,,,
2026-10-05 11:52:30,27.159,0,,488,before,100.0,100,92.1552,24.588582655000003,18.1832119798668,21.35890179400079,-81.8167880201332,-383.05709164648715,17.464955133615796,,,
2026-10-05 11:52:46,43.766,0,,488,after,10.0,100,70.9773,13.359735869999996,9.879500283837736,9.99988274575729,-1.204997161622643,-0.5641662540698333,1.2185076012042106,0.8573495069508903,True,-0.4234816502777526
2026-10-05 11:52:51,48.103,0,,488,after,20.0,100,92.1557,24.615940555,18.203443096967113,18.312043917942013,-8.982784515164433,-8.411279382953186,0.5965949430357694,0.8573495069508903,True,-0.4234816502777526
2026-10-05 11:52:53,50.566,0,,488,after,30.0,100,92.1552,24.550587509999996,18.155114639510323,18.312043922099065,-39.482951201632254,-55.456434392886614,0.8643805655031341,0.8573495069508903,True,-0.4234816502777526
2026-10-05 11:52:54,51.809,0,,488,after,50.0,100,92.1552,24.566001915000005,18.166513563864417,18.312043922099065,-63.66697287227117,-149.04083900474467,0.80109129207999,0.8573495069508903,True,-0.4234816502777526
2026-10-05 11:52:55,53.058,0,,488,after,100.0,100,92.1552,24.50672686,18.122679768915518,18.312043922099065,-81.87732023108448,-383.34049671822163,1.0449015024165977,0.8573495069508903,True,-0.4234816502777526
2026-10-05 11:53:09,66.472,0,,560,before,10.0,100,66.9057,11.50302342,8.983268075667844,9.999942076303924,-10.167319243321558,-0.4182101589212822,11.317418027297343,,,
2026-10-05 11:53:13,70.117,0,,560,before,20.0,100,80.9635,23.70753716,18.514363915129465,20.000343763663885,-7.428180424352675,-0.6110835002658214,8.026091824413774,,,
2026-10-05 11:53:17,74.998,0,,560,before,30.0,200,73.0319,36.29398514,28.343730699535087,30.000452993708276,-5.520897668216378,-0.6812696943875884,5.845110199979299,,,
2026-10-05 11:53:22,79.757,0,,560,before,50.0,500,66.4806,59.710773835,46.631035057509976,50.00014323349928,-6.737929884980049,-1.385749114668988,7.225034082632282,,,
2026-10-05 11:53:26,83.349,0,,560,before,100.0,500,79.6956,116.92175925,91.30986427405243,100.0017739526346,-8.69013572594757,-3.5744948653827815,9.519135470944017,,,
2026-10-05 11:53:42,100.038,0,,560,after,10.0,500,55.0342,13.29737003,10.38456024293145,9.999741346940503,3.8456024293144964,0.15818033885068405,-3.705683119830563,0.91363932984713,True,0.37812815680262685
2026-10-05 11:53:45,102.498,0,,560,after,20.0,500,58.9271,25.810788025000004,20.15689437523656,20.001711677552574,0.7844718761828063,0.06453502642265996,-0.7698740430700189,0.91363932984713,True,0.37812815680262685
2026-10-05 11:53:47,104.87,0,,560,after,30.0,500,62.0907,38.94476909499999,30.41385626643965,30.000998991358927,1.379520888132172,0.17023060928472644,-1.357464411825655,0.91363932984713,True,0.37812815680262685
2026-10-05 11:53:50,107.588,0,,560,after,50.0,500,67.6366,65.00775107,50.767701110886996,50.000756774694395,1.5354022217739924,0.3157768492407528,-1.5106934515656694,0.91363932984713,True,0.37812815680262685
2026-10-05 11:53:54,111.407,0,,560,after,100.0,500,83.3968,129.6286984,101.23332844845197,100.00127664484344,1.2333284484519709,0.5073023420288845,-1.2170416823110666,0.91363932984713,True,0.37812815680262685
2026-10-05 11:54:06,123.608,0,,642,before,10.0,100,70.583,4.5385444545,3.461327041207458,9.999945535959887,-65.38672958792542,-2.9469055426165354,188.90496092710964,,,
2026-10-05 11:54:10,127.472,0,,642,before,20.0,100,87.2876,25.406035680000006,19.375947330839466,20.00011779616987,-3.1202633458026696,-0.28125344106113886,3.221367475214759,,,
2026-10-05 11:54:15,132.534,0,,642,before,30.0,200,77.3483,37.676200455,28.73380502322548,29.999776065753608,-4.220649922581738,-0.5706596764520089,4.405859375411112,,,
2026-10-05 11:54:20,137.36,0,,642,before,50.0,500,70.3027,62.34935745500001,47.55082144164582,50.00073398022357,-4.898357116708354,-1.1038169233966877,5.152198141485887,,,
2026-10-05 11:54:24,141.173,0,,642,before,100.0,500,85.9535,127.42478610000002,97.18068474810096,100.00139902160026,-2.8193152518990416,-1.270633321862737,2.9025462012444057,,,
2026-10-05 11:54:41,158.213,0,,642,after,10.0,500,57.8551,12.675197975,9.666756807906797,10.00030762262346,-3.3324319209320308,-0.15018891692665934,3.4504934937831404,0.9723701556264853,True,-0.9269462075064667
2026-10-05 11:54:43,160.707,0,,642,after,20.0,500,61.8048,25.591991845000003,19.51776705054179,20.00121981696126,-2.411164747291057,-0.2173369062111875,2.476988095859314,0.9723701556264853,True,-0.9269462075064667
2026-10-05 11:54:46,163.104,0,,642,after,30.0,500,65.021,38.54644634999999,29.397499227184774,30.001258670871195,-2.008335909384087,-0.2715402464734693,2.0537782449471282,0.9723701556264853,True,-0.9269462075064667
2026-10-05 11:54:48,165.83,0,,642,after,50.0,500,70.6799,64.32628035500001,49.058524354055905,49.99986217553228,-1.8829512918881903,-0.42431236686036616,1.9188058219662878,0.9723701556264853,True,-0.9269462075064667
2026-10-05 11:54:52,169.738,0,,642,after,100.0,500,87.5325,130.8302924,99.7778987146855,100.00067509674473,-0.22210128531449413,-0.10009852348333446,0.22327227264652183,0.9723701556264853,True,-0.9269462075064667
