iso_time,elapsed_s,cycle,laser,laser_power,i,angle,power
2026-10-02 14:14:24,19.931,0,560,500.0,0,75.0004,99.636737625
2026-10-02 14:14:26,22.074,0,560,500.0,1,75.0004,100.53306889999999
2026-10-02 14:14:29,24.188,0,560,500.0,2,75.0004,99.35020952499998
2026-10-02 14:14:31,26.3,0,560,500.0,3,75.0004,99.25341124
2026-10-02 14:14:33,28.402,0,560,500.0,4,75.0004,100.0536796
2026-10-02 14:14:35,30.502,0,560,500.0,5,75.0004,99.94476323
2026-10-02 14:14:37,32.602,0,560,500.0,6,75.0004,99.51569737499997
2026-10-02 14:14:39,34.701,0,560,500.0,7,75.0004,99.75355603
2026-10-02 14:14:41,36.803,0,560,500.0,8,75.0004,100.0898637
2026-10-02 14:14:43,38.901,0,560,500.0,9,75.0004,99.77633244500001
2026-10-02 14:14:45,41.003,0,560,500.0,10,75.0004,99.659146
2026-10-02 14:14:47,43.103,0,560,500.0,11,75.0004,99.88231284500002
2026-10-02 14:14:50,45.202,0,560,500.0,12,75.0004,100.07737245
2026-10-02 14:14:52,47.295,0,560,500.0,13,75.0004,100.01841326
2026-10-02 14:14:54,49.4,0,560,500.0,14,75.0004,99.908208835
2026-10-02 14:14:56,51.502,0,560,500.0,15,75.0004,99.959821655
2026-10-02 14:14:58,53.605,0,560,500.0,16,75.0004,99.90288316500002
2026-10-02 14:15:00,55.699,0,560,500.0,17,75.0004,99.80112688
2026-10-02 14:15:02,57.801,0,560,500.0,18,75.0004,99.920332415
2026-10-02 14:15:04,59.902,0,560,500.0,19,75.0004,99.91794451000001
2026-10-02 14:15:06,62.001,0,560,500.0,20,75.0004,99.98021201
2026-10-02 14:15:08,64.101,0,560,500.0,21,75.0004,99.97359586500001
2026-10-02 14:15:11,66.198,0,560,500.0,22,75.0004,100.023004765
2026-10-02 14:15:13,68.3,0,560,500.0,23,75.0004,100.06653549999997
2026-10-02 14:15:15,70.4,0,560,500.0,24,75.0004,100.1554325
2026-10-02 14:15:17,72.497,0,560,500.0,25,75.0004,100.09371864999999
2026-10-02 14:15:19,74.597,0,560,500.0,26,75.0004,100.03384205000002
2026-10-02 14:15:21,76.699,0,560,500.0,27,75.0004,100.04412715
2026-10-02 14:15:23,78.797,0,560,500.0,28,75.0004,100.07792419999998
2026-10-02 14:15:25,80.9,0,560,500.0,29,75.0004,100.16664009999998
2026-10-02 14:15:27,82.999,0,560,500.0,30,75.0004,100.04964103
2026-10-02 14:15:29,85.1,0,560,500.0,31,75.0004,100.20264230000002
2026-10-02 14:15:32,87.2,0,560,500.0,32,75.0004,100.1300875
2026-10-02 14:15:34,89.3,0,560,500.0,33,75.0004,99.96882155
2026-10-02 14:15:36,91.399,0,560,500.0,34,75.0004,100.03329107999998
2026-10-02 14:15:38,93.499,0,560,500.0,35,75.0004,100.21145749999998
2026-10-02 14:15:40,95.599,0,560,500.0,36,75.0004,100.05937333499999
2026-10-02 14:15:42,97.699,0,560,500.0,37,75.0004,100.1648035
2026-10-02 14:15:44,99.8,0,560,500.0,38,75.0004,100.007395445
2026-10-02 14:15:46,101.898,0,560,500.0,39,75.0004,100.13229095000001
2026-10-02 14:15:48,104.002,0,560,500.0,40,75.0004,100.13155645
2026-10-02 14:15:50,106.1,0,560,500.0,41,75.0004,104.09799954999998
2026-10-02 14:15:53,108.199,0,560,500.0,42,75.0004,100.1675554
2026-10-02 14:15:55,110.298,0,560,500.0,43,75.0004,100.36959990000001
2026-10-02 14:15:57,112.402,0,560,500.0,44,75.0004,100.26710890000001
2026-10-02 14:15:59,114.498,0,560,500.0,45,75.0004,100.07921229999998
2026-10-02 14:16:01,116.599,0,560,500.0,46,75.0004,100.02759743000003
2026-10-02 14:16:03,118.696,0,560,500.0,47,75.0004,100.09482120000001
2026-10-02 14:16:05,120.799,0,560,500.0,48,75.0004,100.0917014
2026-10-02 14:16:07,122.899,0,560,500.0,49,75.0004,100.19088395
2026-10-02 14:16:09,125.0,0,560,500.0,50,75.0004,100.18757920000002
2026-10-02 14:16:11,127.097,0,560,500.0,51,75.0004,100.18188325
2026-10-02 14:16:14,129.199,0,560,500.0,52,75.0004,100.20337509999999
2026-10-02 14:16:16,131.3,0,560,500.0,53,75.0004,100.22064040000001
2026-10-02 14:16:18,133.397,0,560,500.0,54,75.0004,100.2167843
2026-10-02 14:16:20,135.5,0,560,500.0,55,75.0004,100.20962085
2026-10-02 14:16:22,137.597,0,560,500.0,56,75.0004,100.28621195000001
2026-10-02 14:16:24,139.701,0,560,500.0,57,75.0004,100.25517079999999
2026-10-02 14:16:26,141.796,0,560,500.0,58,75.0004,100.21200769999999
2026-10-02 14:16:28,143.899,0,560,500.0,59,75.0004,100.24727209999999
2026-10-02 14:16:30,145.999,0,560,500.0,60,75.0004,100.17269970000001
2026-10-02 14:16:32,148.101,0,560,500.0,61,75.0004,100.18408780000001
2026-10-02 14:16:35,150.202,0,560,500.0,62,75.0004,100.21292530000001
2026-10-02 14:16:37,152.303,0,560,500.0,63,75.0004,100.288234
2026-10-02 14:16:39,154.399,0,560,500.0,64,75.0004,100.3214769
2026-10-02 14:16:41,156.5,0,560,500.0,65,75.0004,100.1982342
2026-10-02 14:16:43,158.602,0,560,500.0,66,75.0004,100.26270045
2026-10-02 14:16:45,160.696,0,560,500.0,67,75.0004,100.15580355000002
2026-10-02 14:16:47,162.798,0,560,500.0,68,75.0004,100.14808805
2026-10-02 14:16:49,164.901,0,560,500.0,69,75.0004,100.15378155000002
2026-10-02 14:16:51,167.0,0,560,500.0,70,75.0004,100.23845734999999
2026-10-02 14:16:53,169.096,0,560,500.0,71,75.0004,100.29631405000002
2026-10-02 14:16:56,171.199,0,560,500.0,72,75.0004,100.32184195
2026-10-02 14:16:58,173.298,0,560,500.0,73,75.0004,100.20760115
2026-10-02 14:17:00,175.398,0,560,500.0,74,75.0004,100.14882415
2026-10-02 14:17:02,177.496,0,560,500.0,75,75.0004,100.24341605000001
2026-10-02 14:17:04,179.596,0,560,500.0,76,75.0004,100.21439790000001
2026-10-02 14:17:06,181.701,0,560,500.0,77,75.0004,100.2672929
2026-10-02 14:17:08,183.799,0,560,500.0,78,75.0004,100.26417140000002
2026-10-02 14:17:10,185.897,0,560,500.0,79,75.0004,100.10933315000001
2026-10-02 14:17:12,187.999,0,560,500.0,80,75.0004,100.30733389999999
2026-10-02 14:17:14,190.1,0,560,500.0,81,75.0004,100.28162164999999
2026-10-02 14:17:17,192.201,0,560,500.0,82,75.0004,100.30421245000001
2026-10-02 14:17:19,194.296,0,560,500.0,83,75.0004,100.32827105
2026-10-02 14:17:21,196.397,0,560,500.0,84,75.0004,100.27225084999998
2026-10-02 14:17:23,198.499,0,560,500.0,85,75.0004,100.29411019999998
2026-10-02 14:17:25,200.599,0,560,500.0,86,75.0004,100.29943240000001
2026-10-02 14:17:27,202.698,0,560,500.0,87,75.0004,100.28327185
2026-10-02 14:17:29,204.798,0,560,500.0,88,75.0004,100.17913195000001
2026-10-02 14:17:31,206.898,0,560,500.0,89,75.0004,100.27647735000001
2026-10-02 14:17:33,208.998,0,560,500.0,90,75.0004,100.18684110000001
2026-10-02 14:17:35,211.098,0,560,500.0,91,75.0004,100.28235475
2026-10-02 14:17:38,213.198,0,560,500.0,92,75.0004,100.1789456
2026-10-02 14:17:40,215.298,0,560,500.0,93,75.0004,100.2557217
2026-10-02 14:17:42,217.399,0,560,500.0,94,75.0004,100.30200819999999
2026-10-02 14:17:44,219.497,0,560,500.0,95,75.0004,100.28547615000001
2026-10-02 14:17:46,221.598,0,560,500.0,96,75.0004,100.22578430000003
2026-10-02 14:17:48,223.698,0,560,500.0,97,75.0004,100.3214795
2026-10-02 14:17:50,225.797,0,560,500.0,98,75.0004,100.4397629
2026-10-02 14:17:52,227.899,0,560,500.0,99,75.0004,100.29264099999999
2026-10-02 14:17:54,229.997,0,560,500.0,100,75.0004,100.40762020000001
2026-10-02 14:17:56,232.097,0,560,500.0,101,75.0004,100.31523309999999
2026-10-02 14:17:59,234.196,0,560,500.0,102,75.0004,100.40064014999999
2026-10-02 14:18:01,236.292,0,560,500.0,103,75.0004,100.39365964999999
2026-10-02 14:18:03,238.394,0,560,500.0,104,75.0004,100.32276245
2026-10-02 14:18:05,240.498,0,560,500.0,105,75.0004,100.36408715
2026-10-02 14:18:07,242.601,0,560,500.0,106,75.0004,100.35104910000001
2026-10-02 14:18:09,244.697,0,560,500.0,107,75.0004,100.22431349999998
2026-10-02 14:18:11,246.797,0,560,500.0,108,75.0004,100.22045745
2026-10-02 14:18:13,248.897,0,560,500.0,109,75.0004,100.20502805000001
2026-10-02 14:18:15,250.997,0,560,500.0,110,75.0004,100.24800969999998
2026-10-02 14:18:17,253.098,0,560,500.0,111,75.0004,100.2689471
2026-10-02 14:18:20,255.195,0,560,500.0,112,75.0004,100.43315185000002
2026-10-02 14:18:22,257.296,0,560,500.0,113,75.0004,100.3225777
2026-10-02 14:18:24,259.401,0,560,500.0,114,75.0004,100.30366110000003
2026-10-02 14:18:26,261.494,0,560,500.0,115,75.0004,100.40265984999999
2026-10-02 14:18:28,263.595,0,560,500.0,116,75.0004,100.42323024999999
2026-10-02 14:18:30,265.696,0,560,500.0,117,75.0004,100.34609144999999
2026-10-02 14:18:32,267.8,0,560,500.0,118,75.0004,100.3598645
2026-10-02 14:18:34,269.898,0,560,500.0,119,75.0004,100.36023055000001
2026-10-02 14:18:36,271.999,0,560,500.0,120,75.0004,100.35306815
2026-10-02 14:18:38,274.095,0,560,500.0,121,75.0004,100.37694345
2026-10-02 14:18:41,276.198,0,560,500.0,122,75.0004,100.26619124999999
2026-10-02 14:18:43,278.298,0,560,500.0,123,75.0004,100.2849248
2026-10-02 14:18:45,280.396,0,560,500.0,124,75.0004,100.3315784
2026-10-02 14:18:47,282.495,0,560,500.0,125,75.0004,100.31651859999998
2026-10-02 14:18:49,284.597,0,560,500.0,126,75.0004,100.27390525000001
2026-10-02 14:18:51,286.698,0,560,500.0,127,75.0004,100.39604795000001
2026-10-02 14:18:53,288.801,0,560,500.0,128,75.0004,100.41257735
2026-10-02 14:18:55,290.895,0,560,500.0,129,75.0004,100.28345594999999
2026-10-02 14:18:57,292.998,0,560,500.0,130,75.0004,100.3255169
2026-10-02 14:18:59,295.097,0,560,500.0,131,75.0004,100.3174376
2026-10-02 14:19:02,297.199,0,560,500.0,132,75.0004,100.34094600000002
2026-10-02 14:19:04,299.296,0,560,500.0,133,75.0004,100.39733195
2026-10-02 14:19:06,301.394,0,560,500.0,134,75.0004,100.25719299999999
2026-10-02 14:19:08,303.499,0,560,500.0,135,75.0004,100.41974305000001
2026-10-02 14:19:10,305.596,0,560,500.0,136,75.0004,100.41698705000002
2026-10-02 14:19:12,307.697,0,560,500.0,137,75.0004,100.31743730000001
2026-10-02 14:19:14,309.797,0,560,500.0,138,75.0004,100.33378415000001
2026-10-02 14:19:16,311.898,0,560,500.0,139,75.0004,100.3512322
2026-10-02 14:19:18,313.996,0,560,500.0,140,75.0004,100.36923130000001
2026-10-02 14:19:20,316.096,0,560,500.0,141,75.0004,100.26251449999998
2026-10-02 14:19:23,318.195,0,560,500.0,142,75.0004,100.35637390000001
2026-10-02 14:19:25,320.3,0,560,500.0,143,75.0004,100.32423075000001
2026-10-02 14:19:27,322.4,0,560,500.0,144,75.0004,100.3036616
2026-10-02 14:19:29,324.497,0,560,500.0,145,75.0004,100.3497608
2026-10-02 14:19:31,326.592,0,560,500.0,146,75.0004,100.35141589999999
2026-10-02 14:19:33,328.698,0,560,500.0,147,75.0004,100.32551665
2026-10-02 14:19:35,330.796,0,560,500.0,148,75.0004,100.28162119999999
2026-10-02 14:19:37,332.897,0,560,500.0,149,75.0004,100.27647875000001
2026-10-02 14:19:39,334.996,0,560,500.0,150,75.0004,100.32129185000001
2026-10-02 14:19:41,337.098,0,560,500.0,151,75.0004,100.40872239999999
2026-10-02 14:19:44,339.196,0,560,500.0,152,75.0004,100.248007
2026-10-02 14:19:46,341.296,0,560,500.0,153,75.0004,100.35233274999999
2026-10-02 14:19:48,343.396,0,560,500.0,154,75.0004,100.34664124999999
2026-10-02 14:19:50,345.496,0,560,500.0,155,75.0004,100.30861984999999
2026-10-02 14:19:52,347.597,0,560,500.0,156,75.0004,100.39751675
2026-10-02 14:19:54,349.696,0,560,500.0,157,75.0004,100.37841465000001
2026-10-02 14:19:56,351.796,0,560,500.0,158,75.0004,100.29355844999999
2026-10-02 14:19:58,353.896,0,560,500.0,159,75.0004,100.2391893
2026-10-02 14:20:00,355.994,0,560,500.0,160,75.0004,100.36555605
2026-10-02 14:20:02,358.095,0,560,500.0,161,75.0004,100.3510486
2026-10-02 14:20:05,360.197,0,560,500.0,162,75.0004,100.31523140000002
2026-10-02 14:20:07,362.292,0,560,500.0,163,75.0004,100.37731270000002
2026-10-02 14:20:09,364.398,0,560,500.0,164,75.0004,100.3710678
2026-10-02 14:20:11,366.495,0,560,500.0,165,75.0004,100.35894765
2026-10-02 14:20:13,368.593,0,560,500.0,166,75.0004,100.29961915
2026-10-02 14:20:15,370.696,0,560,500.0,167,75.0004,100.30035385
2026-10-02 14:20:17,372.794,0,560,500.0,168,75.0004,100.38282429999998
2026-10-02 14:20:19,374.896,0,560,500.0,169,75.0004,100.2685804
2026-10-02 14:20:21,376.994,0,560,500.0,170,75.0004,100.37694435
2026-10-02 14:20:23,379.096,0,560,500.0,171,75.0004,100.37400640000001
2026-10-02 14:20:26,381.196,0,560,500.0,172,75.0004,100.39531319999999
2026-10-02 14:20:28,383.293,0,560,500.0,173,75.0004,100.3811694
2026-10-02 14:20:30,385.389,0,560,500.0,174,75.0004,100.44729405
2026-10-02 14:20:32,387.493,0,560,500.0,175,75.0004,100.43149855
2026-10-02 14:20:34,389.593,0,560,500.0,176,75.0004,100.39035545
2026-10-02 14:20:36,391.696,0,560,500.0,177,75.0004,100.47025300000001
2026-10-02 14:20:38,393.791,0,560,500.0,178,75.0004,100.38943654999999
2026-10-02 14:20:40,395.896,0,560,500.0,179,75.0004,100.59294555000001
2026-10-02 14:20:42,397.998,0,560,500.0,180,75.0004,100.5325177
2026-10-02 14:20:44,400.095,0,560,500.0,181,75.0004,100.4546403
2026-10-02 14:20:47,402.192,0,560,500.0,182,75.0004,100.43866259999997
2026-10-02 14:20:49,404.295,0,560,500.0,183,75.0004,100.43406845
2026-10-02 14:20:51,406.396,0,560,500.0,184,75.0004,100.61315035
2026-10-02 14:20:53,408.497,0,560,500.0,185,75.0004,100.46657925
2026-10-02 14:20:55,410.596,0,560,500.0,186,75.0004,100.33819260000001
2026-10-02 14:20:57,412.692,0,560,500.0,187,75.0004,100.51709075
2026-10-02 14:20:59,414.797,0,560,500.0,188,75.0004,100.40835435
2026-10-02 14:21:01,416.895,0,560,500.0,189,75.0004,100.4120283
2026-10-02 14:21:03,418.994,0,560,500.0,190,75.0004,100.42782464999999
2026-10-02 14:21:05,421.091,0,560,500.0,191,75.0004,100.4004527
2026-10-02 14:21:08,423.194,0,560,500.0,192,75.0004,100.42837504999999
2026-10-02 14:21:10,425.295,0,560,500.0,193,75.0004,100.42506874999998
2026-10-02 14:21:12,427.393,0,560,500.0,194,75.0004,100.4612534
2026-10-02 14:21:14,429.493,0,560,500.0,195,75.0004,100.48292690000001
2026-10-02 14:21:16,431.597,0,560,500.0,196,75.0004,100.3394745
2026-10-02 14:21:18,433.694,0,560,500.0,197,75.0004,100.58137554999999
2026-10-02 14:21:20,435.795,0,560,500.0,198,75.0004,100.50000884999999
2026-10-02 14:21:22,437.891,0,560,500.0,199,75.0004,100.50074275000001
2026-10-02 14:21:24,439.997,0,560,500.0,200,75.0004,100.46364175
2026-10-02 14:21:26,442.095,0,560,500.0,201,75.0004,100.5003739
2026-10-02 14:21:29,444.194,0,560,500.0,202,75.0004,100.50147719999998
2026-10-02 14:21:31,446.296,0,560,500.0,203,75.0004,100.53527349999999
2026-10-02 14:21:33,448.394,0,560,500.0,204,75.0004,100.47667874999999
2026-10-02 14:21:35,450.496,0,560,500.0,205,75.0004,100.57163865
2026-10-02 14:21:37,452.592,0,560,500.0,206,75.0004,100.50129405000001
2026-10-02 14:21:39,454.695,0,560,500.0,207,75.0004,100.52939625000002
2026-10-02 14:21:41,456.795,0,560,500.0,208,75.0004,100.6015781
2026-10-02 14:21:43,458.896,0,560,500.0,209,75.0004,100.59496695
2026-10-02 14:21:45,460.994,0,560,500.0,210,75.0004,100.49045640000001
2026-10-02 14:21:47,463.097,0,560,500.0,211,75.0004,100.50166029999998
2026-10-02 14:21:50,465.193,0,560,500.0,212,75.0004,100.66017294999999
2026-10-02 14:21:52,467.296,0,560,500.0,213,75.0004,100.51139880000001
2026-10-02 14:21:54,469.395,0,560,500.0,214,75.0004,100.54372324999999
2026-10-02 14:21:56,471.495,0,560,500.0,215,75.0004,100.43315099999998
2026-10-02 14:21:58,473.594,0,560,500.0,216,75.0004,100.61223360000001
2026-10-02 14:22:00,475.697,0,560,500.0,217,75.0004,100.59680430000002
2026-10-02 14:22:02,477.794,0,560,500.0,218,75.0004,100.44582319999999
2026-10-02 14:22:04,479.892,0,560,500.0,219,75.0004,100.61792775
2026-10-02 14:22:06,481.991,0,560,500.0,220,75.0004,100.50074205000001
2026-10-02 14:22:08,484.091,0,560,500.0,221,75.0004,100.51415
2026-10-02 14:22:11,486.191,0,560,500.0,222,75.0004,100.40633299999999
2026-10-02 14:22:13,488.286,0,560,500.0,223,75.0004,100.49486605
2026-10-02 14:22:15,490.387,0,560,500.0,224,75.0004,100.6039676
2026-10-02 14:22:17,492.493,0,560,500.0,225,75.0004,100.5639274
2026-10-02 14:22:19,494.593,0,560,500.0,226,75.0004,100.60121305000003
2026-10-02 14:22:21,496.686,0,560,500.0,227,75.0004,100.41882515
2026-10-02 14:22:23,498.79,0,560,500.0,228,75.0004,100.44508905
2026-10-02 14:22:25,500.89,0,560,500.0,229,75.0004,100.44417195
2026-10-02 14:22:27,502.995,0,560,500.0,230,75.0004,100.42727219999999
2026-10-02 14:22:29,505.096,0,560,500.0,231,75.0004,100.5293969
2026-10-02 14:22:32,507.198,0,560,500.0,232,75.0004,100.640704
2026-10-02 14:22:34,509.297,0,560,500.0,233,75.0004,100.59588665000001
2026-10-02 14:22:36,511.397,0,560,500.0,234,75.0004,100.62747525
2026-10-02 14:22:38,513.494,0,560,500.0,235,75.0004,100.48384320000001
2026-10-02 14:22:40,515.593,0,560,500.0,236,75.0004,100.50368125
2026-10-02 14:22:42,517.692,0,560,500.0,237,75.0004,100.64437685000001
2026-10-02 14:22:44,519.795,0,560,500.0,238,75.0004,100.52260044999998
2026-10-02 14:22:46,521.896,0,560,500.0,239,75.0004,100.51892579999999
2026-10-02 14:22:48,523.994,0,560,500.0,240,75.0004,100.50386785
2026-10-02 14:22:50,526.094,0,560,500.0,241,75.0004,100.44068245
2026-10-02 14:22:53,528.193,0,560,500.0,242,75.0004,100.5018449
2026-10-02 14:22:55,530.293,0,560,500.0,243,75.0004,100.53123204999999
2026-10-02 14:22:57,532.392,0,560,500.0,244,75.0004,100.50423365000002
2026-10-02 14:22:59,534.493,0,560,500.0,245,75.0004,100.38466075000001
2026-10-02 14:23:01,536.593,0,560,500.0,246,75.0004,100.53582264999999
2026-10-02 14:23:03,538.69,0,560,500.0,247,75.0004,100.53453784999999
2026-10-02 14:23:05,540.792,0,560,500.0,248,75.0004,100.40706725
2026-10-02 14:23:07,542.892,0,560,500.0,249,75.0004,100.63574245
2026-10-02 14:23:09,544.993,0,560,500.0,250,75.0004,100.52847979999999
2026-10-02 14:23:11,547.094,0,560,500.0,251,75.0004,100.4629056
2026-10-02 14:23:14,549.194,0,560,500.0,252,75.0004,100.42176274999998
2026-10-02 14:23:16,551.289,0,560,500.0,253,75.0004,100.42231454999998
2026-10-02 14:23:18,553.393,0,560,500.0,254,75.0004,100.5554788
2026-10-02 14:23:20,555.493,0,560,500.0,255,75.0004,100.553088
2026-10-02 14:23:22,557.592,0,560,500.0,256,75.0004,100.56631345
2026-10-02 14:23:24,559.691,0,560,500.0,257,75.0004,100.4917438
2026-10-02 14:23:26,561.791,0,560,500.0,258,75.0004,100.4528044
2026-10-02 14:23:28,563.888,0,560,500.0,259,75.0004,100.48751745
2026-10-02 14:23:30,565.993,0,560,500.0,260,75.0004,100.42892485000002
2026-10-02 14:23:32,568.092,0,560,500.0,261,75.0004,100.57347745
2026-10-02 14:23:35,570.195,0,560,500.0,262,75.0004,100.61554084999999
2026-10-02 14:23:37,572.292,0,560,500.0,263,75.0004,100.48861955
2026-10-02 14:23:39,574.393,0,560,500.0,264,75.0004,100.66053955000001
2026-10-02 14:23:41,576.491,0,560,500.0,265,75.0004,100.47227110000001
2026-10-02 14:23:43,578.593,0,560,500.0,266,75.0004,100.55125344999998
2026-10-02 14:23:45,580.691,0,560,500.0,267,75.0004,100.4136819
2026-10-02 14:23:47,582.791,0,560,500.0,268,75.0004,100.4950501
2026-10-02 14:23:49,584.893,0,560,500.0,269,75.0004,100.63206729999999
2026-10-02 14:23:51,586.992,0,560,500.0,270,75.0004,100.50790564999998
2026-10-02 14:23:53,589.094,0,560,500.0,271,75.0004,100.43112855
2026-10-02 14:23:56,591.19,0,560,500.0,272,75.0004,100.5119457
2026-10-02 14:23:58,593.293,0,560,500.0,273,75.0004,100.52590730000003
2026-10-02 14:24:00,595.391,0,560,500.0,274,75.0004,100.54170259999998
2026-10-02 14:24:02,597.494,0,560,500.0,275,75.0004,100.57164214999999
2026-10-02 14:24:04,599.592,0,560,500.0,276,75.0004,100.57531495
2026-10-02 14:24:06,601.692,0,560,500.0,277,75.0004,100.55878459999998
2026-10-02 14:24:08,603.793,0,560,500.0,278,75.0004,100.3995399
2026-10-02 14:24:10,605.893,0,560,500.0,279,75.0004,100.49853764999999
2026-10-02 14:24:12,607.992,0,560,500.0,280,75.0004,100.56080329999999
2026-10-02 14:24:14,610.093,0,560,500.0,281,75.0004,100.54574280000001
2026-10-02 14:24:17,612.193,0,560,500.0,282,75.0004,100.5455582
2026-10-02 14:24:19,614.293,0,560,500.0,283,75.0004,100.5306833
2026-10-02 14:24:21,616.393,0,560,500.0,284,75.0004,100.6743152
2026-10-02 14:24:23,618.492,0,560,500.0,285,75.0004,100.69507070000002
2026-10-02 14:24:25,620.593,0,560,500.0,286,75.0004,100.5754952
2026-10-02 14:24:27,622.692,0,560,500.0,287,75.0004,100.5270082
2026-10-02 14:24:29,624.792,0,560,500.0,288,75.0004,100.5003739
2026-10-02 14:24:31,626.889,0,560,500.0,289,75.0004,100.50937679999998
2026-10-02 14:24:33,628.993,0,560,500.0,290,75.0004,100.6142546
2026-10-02 14:24:35,631.093,0,560,500.0,291,75.0004,100.47613045
2026-10-02 14:24:38,633.193,0,560,500.0,292,75.0004,100.59313070000002
2026-10-02 14:24:40,635.291,0,560,500.0,293,75.0004,100.57770275
2026-10-02 14:24:42,637.392,0,560,500.0,294,75.0004,100.606354
2026-10-02 14:24:44,639.491,0,560,500.0,295,75.0004,100.58523265000001
2026-10-02 14:24:46,641.592,0,560,500.0,296,75.0004,100.5064382
2026-10-02 14:24:48,643.691,0,560,500.0,297,75.0004,100.55474315
2026-10-02 14:24:50,645.791,0,560,500.0,298,75.0004,100.57256045
2026-10-02 14:24:52,647.894,0,560,500.0,299,75.0004,100.53564239999999
2026-10-02 14:24:54,649.994,0,560,500.0,300,75.0004,100.6414368
2026-10-02 14:24:56,652.093,0,560,500.0,301,75.0004,100.65172235
2026-10-02 14:24:59,654.191,0,560,500.0,302,75.0004,100.62931285000002
2026-10-02 14:25:01,656.291,0,560,500.0,303,75.0004,100.58945640000002
2026-10-02 14:25:03,658.391,0,560,500.0,304,75.0004,100.5369268
2026-10-02 14:25:05,660.49,0,560,500.0,305,75.0004,100.53325285000001
2026-10-02 14:25:07,662.591,0,560,500.0,306,75.0004,100.61719039999998
2026-10-02 14:25:09,664.694,0,560,500.0,307,75.0004,100.4895371
2026-10-02 14:25:11,666.789,0,560,500.0,308,75.0004,100.50625205
2026-10-02 14:25:13,668.89,0,560,500.0,309,75.0004,100.53729240000001
2026-10-02 14:25:15,670.99,0,560,500.0,310,75.0004,100.55033485000001
2026-10-02 14:25:17,673.093,0,560,500.0,311,75.0004,100.52498950000002
2026-10-02 14:25:20,675.189,0,560,500.0,312,75.0004,100.66917135
2026-10-02 14:25:22,677.291,0,560,500.0,313,75.0004,100.63261910000001
2026-10-02 14:25:24,679.391,0,560,500.0,314,75.0004,100.5887221
2026-10-02 14:25:26,681.491,0,560,500.0,315,75.0004,100.49265924999999
2026-10-02 14:25:28,683.591,0,560,500.0,316,75.0004,100.60727345000001
2026-10-02 14:25:30,685.691,0,560,500.0,317,75.0004,100.70756075000001
2026-10-02 14:25:32,687.791,0,560,500.0,318,75.0004,100.62380470000001
2026-10-02 14:25:34,689.889,0,560,500.0,319,75.0004,100.56300759999999
2026-10-02 14:25:36,691.994,0,560,500.0,320,75.0004,100.64676229999999
2026-10-02 14:25:38,694.092,0,560,500.0,321,75.0004,100.64143650000001
2026-10-02 14:25:41,696.188,0,560,500.0,322,75.0004,100.5648443
2026-10-02 14:25:43,698.29,0,560,500.0,323,75.0004,100.59919074999998
2026-10-02 14:25:45,700.391,0,560,500.0,324,75.0004,100.48016929999999
2026-10-02 14:25:47,702.491,0,560,500.0,325,75.0004,100.57917055000001
2026-10-02 14:25:49,704.588,0,560,500.0,326,75.0004,100.71251830000001
2026-10-02 14:25:51,706.689,0,560,500.0,327,75.0004,100.7566008
2026-10-02 14:25:53,708.791,0,560,500.0,328,75.0004,100.66549769999999
2026-10-02 14:25:55,710.89,0,560,500.0,329,75.0004,100.5571324
2026-10-02 14:25:57,712.99,0,560,500.0,330,75.0004,100.58615135
2026-10-02 14:25:59,715.091,0,560,500.0,331,75.0004,100.54243570000001
2026-10-02 14:26:02,717.192,0,560,500.0,332,75.0004,100.69690609999999
2026-10-02 14:26:04,719.287,0,560,500.0,333,75.0004,100.5620882
2026-10-02 14:26:06,721.39,0,560,500.0,334,75.0004,100.63574270000001
2026-10-02 14:26:08,723.487,0,560,500.0,335,75.0004,100.71619494999999
2026-10-02 14:26:10,725.587,0,560,500.0,336,75.0004,100.56943784999999
2026-10-02 14:26:12,727.692,0,560,500.0,337,75.0004,100.6041504
2026-10-02 14:26:14,729.787,0,560,500.0,338,75.0004,100.66604885000001
2026-10-02 14:26:16,731.891,0,560,500.0,339,75.0004,100.62582425000002
2026-10-02 14:26:18,733.988,0,560,500.0,340,75.0004,100.73915489999999
2026-10-02 14:26:20,736.09,0,560,500.0,341,75.0004,100.71692775000001
2026-10-02 14:26:23,738.185,0,560,500.0,342,75.0004,100.52755934999999
2026-10-02 14:26:25,740.288,0,560,500.0,343,75.0004,100.72060144999999
2026-10-02 14:26:27,742.389,0,560,500.0,344,75.0004,100.7472336
2026-10-02 14:26:29,744.491,0,560,500.0,345,75.0004,100.71839689999999
2026-10-02 14:26:31,746.592,0,560,500.0,346,75.0004,100.86202890000003
2026-10-02 14:26:33,748.693,0,560,500.0,347,75.0004,100.61406605
2026-10-02 14:26:35,750.792,0,560,500.0,348,75.0004,100.77037580000001
2026-10-02 14:26:37,752.889,0,560,500.0,349,75.0004,100.7198673
2026-10-02 14:26:39,754.988,0,560,500.0,350,75.0004,100.73786645
2026-10-02 14:26:41,757.086,0,560,500.0,351,75.0004,100.80123324999998
2026-10-02 14:26:44,759.192,0,560,500.0,352,75.0004,100.63537604999999
2026-10-02 14:26:46,761.286,0,560,500.0,353,75.0004,100.76762314999999
2026-10-02 14:26:48,763.391,0,560,500.0,354,75.0004,100.78084464999999
2026-10-02 14:26:50,765.49,0,560,500.0,355,75.0004,100.67211240000003
2026-10-02 14:26:52,767.587,0,560,500.0,356,75.0004,100.7738675
2026-10-02 14:26:54,769.691,0,560,500.0,357,75.0004,100.81592570000001
2026-10-02 14:26:56,771.792,0,560,500.0,358,75.0004,100.79921480000002
2026-10-02 14:26:58,773.886,0,560,500.0,359,75.0004,100.79223435
2026-10-02 14:27:00,775.991,0,560,500.0,360,75.0004,100.70517239999998
2026-10-02 14:27:02,778.092,0,560,500.0,361,75.0004,100.62509025
2026-10-02 14:27:05,780.192,0,560,500.0,362,75.0004,100.69396805
2026-10-02 14:27:07,782.289,0,560,500.0,363,75.0004,100.70976390000001
2026-10-02 14:27:09,784.386,0,560,500.0,364,75.0004,100.78782584999999
2026-10-02 14:27:11,786.491,0,560,500.0,365,75.0004,100.64657974999999
2026-10-02 14:27:13,788.59,0,560,500.0,366,75.0004,100.69084349999999
2026-10-02 14:27:15,790.686,0,560,500.0,367,75.0004,100.6978274
2026-10-02 14:27:17,792.785,0,560,500.0,368,75.0004,100.53619475
2026-10-02 14:27:19,794.891,0,560,500.0,369,75.0004,100.66476234999999
2026-10-02 14:27:21,796.986,0,560,500.0,370,75.0004,100.7229869
2026-10-02 14:27:23,799.091,0,560,500.0,371,75.0004,100.62325185000002
2026-10-02 14:27:26,801.188,0,560,500.0,372,75.0004,100.65208974999999
2026-10-02 14:27:28,803.29,0,560,500.0,373,75.0004,100.73915124999999
2026-10-02 14:27:30,805.384,0,560,500.0,374,75.0004,100.72372299999999
2026-10-02 14:27:32,807.486,0,560,500.0,375,75.0004,100.72041854999999
2026-10-02 14:27:34,809.588,0,560,500.0,376,75.0004,100.53490514999999
2026-10-02 14:27:36,811.691,0,560,500.0,377,75.0004,100.75788605
2026-10-02 14:27:38,813.79,0,560,500.0,378,75.0004,100.58890765000002
2026-10-02 14:27:40,815.889,0,560,500.0,379,75.0004,100.87396919999999
2026-10-02 14:27:42,817.99,0,560,500.0,380,75.0004,100.87268280000002
2026-10-02 14:27:44,820.088,0,560,500.0,381,75.0004,100.68037690000001
2026-10-02 14:27:47,822.188,0,560,500.0,382,75.0004,100.82676369999999
2026-10-02 14:27:49,824.286,0,560,500.0,383,75.0004,100.6553966
2026-10-02 14:27:51,826.389,0,560,500.0,384,75.0004,100.6834995
2026-10-02 14:27:53,828.489,0,560,500.0,385,75.0004,100.7375009
2026-10-02 14:27:55,830.588,0,560,500.0,386,75.0004,100.68129244999999
2026-10-02 14:27:57,832.688,0,560,500.0,387,75.0004,100.61627335
2026-10-02 14:27:59,834.788,0,560,500.0,388,75.0004,100.52259829999998
2026-10-02 14:28:01,836.887,0,560,500.0,389,75.0004,100.77551905
2026-10-02 14:28:03,838.988,0,560,500.0,390,75.0004,100.67835605
2026-10-02 14:28:05,841.085,0,560,500.0,391,75.0004,100.75072559999998
2026-10-02 14:28:08,843.189,0,560,500.0,392,75.0004,100.74337689999999
2026-10-02 14:28:10,845.286,0,560,500.0,393,75.0004,100.6298642
2026-10-02 14:28:12,847.391,0,560,500.0,394,75.0004,100.71288645000001
2026-10-02 14:28:14,849.49,0,560,500.0,395,75.0004,100.87396585
2026-10-02 14:28:16,851.588,0,560,500.0,396,75.0004,100.81133329999999
2026-10-02 14:28:18,853.688,0,560,500.0,397,75.0004,100.79370435000001
2026-10-02 14:28:20,855.789,0,560,500.0,398,75.0004,100.70388580000001
2026-10-02 14:28:22,857.889,0,560,500.0,399,75.0004,100.78966204999999
2026-10-02 14:28:24,859.985,0,560,500.0,400,75.0004,100.85192685000003
2026-10-02 14:28:26,862.089,0,560,500.0,401,75.0004,100.7090305
2026-10-02 14:28:29,864.19,0,560,500.0,402,75.0004,100.8603766
2026-10-02 14:28:31,866.288,0,560,500.0,403,75.0004,100.84788525000002
2026-10-02 14:28:33,868.387,0,560,500.0,404,75.0004,100.8502744
2026-10-02 14:28:35,870.485,0,560,500.0,405,75.0004,100.86900999999999
2026-10-02 14:28:37,872.588,0,560,500.0,406,75.0004,100.70480669999999
2026-10-02 14:28:39,874.689,0,560,500.0,407,75.0004,100.7198646
2026-10-02 14:28:41,876.784,0,560,500.0,408,75.0004,100.88957955
2026-10-02 14:28:43,878.889,0,560,500.0,409,75.0004,100.81684775
2026-10-02 14:28:45,880.989,0,560,500.0,410,75.0004,100.8383356
2026-10-02 14:28:47,883.086,0,560,500.0,411,75.0004,100.72188824999999
2026-10-02 14:28:50,885.188,0,560,500.0,412,75.0004,100.6122328
2026-10-02 14:28:52,887.287,0,560,500.0,413,75.0004,100.85982504999998
2026-10-02 14:28:54,889.389,0,560,500.0,414,75.0004,100.7316214
2026-10-02 14:28:56,891.49,0,560,500.0,415,75.0004,100.86680439999999
2026-10-02 14:28:58,893.586,0,560,500.0,416,75.0004,100.8313566
2026-10-02 14:29:00,895.683,0,560,500.0,417,75.0004,100.69414825
2026-10-02 14:29:02,897.787,0,560,500.0,418,75.0004,100.6574169
2026-10-02 14:29:04,899.884,0,560,500.0,419,75.0004,100.67045910000002
2026-10-02 14:29:06,901.989,0,560,500.0,420,75.0004,100.71692795000001
2026-10-02 14:29:08,904.088,0,560,500.0,421,75.0004,100.70076515
2026-10-02 14:29:11,906.186,0,560,500.0,422,75.0004,100.65723365000001
2026-10-02 14:29:13,908.285,0,560,500.0,423,75.0004,100.72445745
2026-10-02 14:29:15,910.385,0,560,500.0,424,75.0004,100.58872375000001
2026-10-02 14:29:17,912.488,0,560,500.0,425,75.0004,100.70645730000001
2026-10-02 14:29:19,914.589,0,560,500.0,426,75.0004,100.7272142
2026-10-02 14:29:21,916.688,0,560,500.0,427,75.0004,100.75641869999998
2026-10-02 14:29:23,918.789,0,560,500.0,428,75.0004,100.74282199999999
2026-10-02 14:29:25,920.887,0,560,500.0,429,75.0004,100.65172129999999
2026-10-02 14:29:27,922.989,0,560,500.0,430,75.0004,100.85321415
2026-10-02 14:29:29,925.091,0,560,500.0,431,75.0004,100.8293364
2026-10-02 14:29:32,927.186,0,560,500.0,432,75.0004,100.79076735
2026-10-02 14:29:34,929.285,0,560,500.0,433,75.0004,100.77111224999999
2026-10-02 14:29:36,931.386,0,560,500.0,434,75.0004,100.66237790000001
2026-10-02 14:29:38,933.486,0,560,500.0,435,75.0004,100.8006821
2026-10-02 14:29:40,935.587,0,560,500.0,436,75.0004,100.80196774999999
2026-10-02 14:29:42,937.687,0,560,500.0,437,75.0004,100.86552020000002
2026-10-02 14:29:44,939.786,0,560,500.0,438,75.0004,100.92392975
2026-10-02 14:29:46,941.889,0,560,500.0,439,75.0004,100.7935185
2026-10-02 14:29:48,943.986,0,560,500.0,440,75.0004,100.89086595
2026-10-02 14:29:50,946.087,0,560,500.0,441,75.0004,100.88388665
2026-10-02 14:29:53,948.186,0,560,500.0,442,75.0004,100.73364135
2026-10-02 14:29:55,950.289,0,560,500.0,443,75.0004,100.79480484999999
2026-10-02 14:29:57,952.384,0,560,500.0,444,75.0004,100.82896570000003
2026-10-02 14:29:59,954.486,0,560,500.0,445,75.0004,100.8822329
2026-10-02 14:30:01,956.584,0,560,500.0,446,75.0004,100.70774410000001
2026-10-02 14:30:03,958.689,0,560,500.0,447,75.0004,100.83227375
2026-10-02 14:30:05,960.787,0,560,500.0,448,75.0004,100.7696419
2026-10-02 14:30:07,962.885,0,560,500.0,449,75.0004,100.92006989999999
