iso_time,elapsed_s,cycle,laser,rep,target,commanded,achieved_angle,laser_power_level,laser_power_actual,raw,factor,sample,dev_raw_pct,dev_sample_pct,inverse_err_pct,model_err_pct
2026-10-01 17:52:33,4413.791,0,405,0,2.319,2.3190402784640307,75.4719,50,50.0,640.9237802000001,0.4800663361806434,307.6859309316621,27537.662347331097,13167.911303680963,0.0007398165962963694,13167.81314619734
2026-10-01 17:52:40,4420.691,0,405,0,4.638,4.638051038636647,76.0574,100,100.0,658.6381077000001,0.4800663361806434,316.1899832324911,14100.76629394013,6717.309845689414,0.00010337853899904418,6717.302798061381
2026-10-01 17:52:48,4428.833,0,405,0,8.3485,8.348544003239848,83.5854,150,150.0,857.1703733,0.4800663361806434,411.49864059272545,10167.378501703282,4829.022779492599,0.0007278475879599508,4828.986903980308
2026-10-01 17:52:54,4434.926,0,405,1,2.319,2.318949754960429,62.8023,150,150.0,245.85688580000001,0.4800663361806434,118.02761439078887,10501.743616669039,4989.54021518083,-0.0031637022062904877,4989.701238171196
2026-10-01 17:52:58,4438.977,0,405,1,4.638,4.638252943587711,70.3032,150,150.0,481.7535371,0.4800663361806434,231.27365549766267,10286.992965721647,4886.445656988107,0.0044566113539988295,4886.223440388126
2026-10-01 17:53:03,4443.619,0,405,1,8.3485,8.348544003239848,83.5854,150,150.0,854.728204,0.4800663361806434,410.3262373245416,10138.125651453915,4814.979470850544,0.0007278475879599508,4814.943697551392
2026-10-01 17:53:09,4449.725,0,405,2,2.319,2.318949754960429,62.8023,150,150.0,246.06509219999998,0.4800663361806434,118.12756727440622,10510.721810893565,4993.850343987716,-0.0031637022062904877,4994.011503342036
2026-10-01 17:53:13,4453.723,0,405,2,4.638,4.638252943587711,70.3032,150,150.0,478.9568603,0.4800663361806434,229.93106511280527,10226.694369007935,4857.49833058692,0.0044566113539988295,4857.2774039992855
2026-10-01 17:53:18,4458.332,0,405,2,8.3485,8.348544003239848,83.5854,150,150.0,854.5987488,0.4800663361806434,410.264090240978,10136.575008105969,4814.235059179772,0.0007278475879599508,4814.1992912987635
2026-10-01 17:53:30,4470.914,0,488,0,5.3397,5.3397752767736115,69.1827,50,51.1196,5.802823417999999,0.7394981742133603,4.29117732289353,8.672692518323986,-19.63674229584952,0.0009331612177512675,-19.63749220760585
2026-10-01 17:53:35,4475.837,0,488,0,10.6795,10.679505310316319,86.6875,50,50.4426,10.80687696,0.7394981742133603,7.99166578086843,1.193189277006557,-25.167821286826666,0.0005095136787692494,-25.168202565070665
2026-10-01 17:53:41,4481.216,0,488,0,19.223,19.22306114407017,82.9379,100,93.0936,18.934495009999996,0.7394981742133603,14.002024489546978,-1.5008917982193932,-27.16008932313902,0.0002576566847918634,-27.160276999554515
2026-10-01 17:53:47,4487.223,0,488,1,5.3397,5.3397488924606815,62.1553,100,99.8636,5.854482903000001,0.7394981742133603,4.329379417731834,9.640148345369484,-18.921310478117285,0.00043904755620925007,-18.92166645055935
2026-10-01 17:53:50,4491.137,0,488,1,10.6795,10.679776194285369,69.6557,100,99.8636,11.48295384,0.7394981742133603,8.491623399256294,7.523822626203868,-20.486329483481043,0.003046010841973144,-20.488751404733847
2026-10-01 17:53:55,4495.632,0,488,1,19.223,19.223284806456395,82.9384,100,99.8636,19.60537953,0.7394981742133603,14.498142367194989,1.9891155609142972,-24.57923525306846,0.001421170450007334,-24.580307095457506
2026-10-01 17:54:01,4501.628,0,488,2,5.3397,5.3397488924606815,62.1553,100,100.541,5.841611510999999,0.7394981742133603,4.319861046848248,9.39909864863735,-19.099566288745386,0.00043904755620925007,-19.099921478563104
2026-10-01 17:54:05,4505.572,0,488,2,10.6795,10.679776194285369,69.6557,100,99.8636,11.518208140000002,0.7394981742133603,8.517693889739466,7.853936040646643,-20.242211216217278,0.003046010841973144,-20.244640573112473
2026-10-01 17:54:09,4510.112,0,488,2,19.223,19.223284806456395,82.9384,100,99.8636,19.53590084,0.7394981742133603,14.44676300279325,1.627680571472347,-24.846515767857618,0.001421170450007334,-24.84758381178895
2026-10-01 17:54:23,4523.51,0,560,0,60.7788,60.77808609165705,69.1077,500,500.164,74.50222817999999,0.7809484296145025,58.18239809995232,22.579366070809314,-4.271836563860242,-0.0011214951504961226,-4.270762965109289
2026-10-01 17:54:28,4528.172,0,560,0,121.5575,121.5584398579126,68.6779,1000,1011.66,150.22333420000004,0.7809484296145025,117.31667693494462,23.58208287938574,-3.4887664468544037,0.0007440202946752842,-3.4894845046761844
2026-10-01 17:54:32,4532.717,0,560,0,218.8036,218.80499449673263,81.9606,1000,985.748,264.8733288,0.7809484296145025,206.8524101731258,21.055308331499415,-5.462047062016128,0.0006538720783389138,-5.462665215251891
2026-10-01 17:54:38,4538.736,0,560,1,60.7788,60.77734616284992,61.1776,1000,1007.57,74.33692588,0.7809484296145025,58.053305528355665,22.307392310573704,-4.484234044812588,-0.002338908459212081,-4.481999966229728
2026-10-01 17:54:42,4542.655,0,560,1,121.5575,121.56268301635927,68.6784,1000,999.388,148.64337129999998,0.7809484296145025,116.0828073893404,22.28231738626862,-4.503816267571343,0.004234678797358887,-4.5078600529748245
2026-10-01 17:54:47,4547.215,0,560,1,218.8036,218.80499449673263,81.9606,1000,999.388,262.42741670000004,0.7809484296145025,204.9422789596557,19.937450807834527,-6.335036139654976,0.0006538720783389138,-6.335648584696238
2026-10-01 17:54:53,4553.231,0,560,2,60.7788,60.77734616284992,61.1776,1000,1000.75,74.35749618999999,0.7809484296145025,58.06936987964685,22.341236876317264,-4.457803184344165,-0.002338908459212081,-4.455568487553214
2026-10-01 17:54:57,4557.163,0,560,2,121.5575,121.56268301635927,68.6784,1000,1000.75,147.87891660000003,0.7809484296145025,115.48580769186401,21.653434366223582,-4.994941474486739,0.004234678797358887,-4.998964463195887
2026-10-01 17:55:01,4561.717,0,560,2,218.8036,218.80499449673263,81.9606,1000,1000.75,262.14505710000003,0.7809484296145025,204.7217706734491,19.80840373241468,-6.435815250550461,0.0006538720783389138,-6.436427036629566
2026-10-01 17:55:14,4574.677,0,642,0,55.4707,55.470331325910344,71.754,500,500.618,67.51254427,0.7626513469038575,51.48853282042181,21.708543711669247,-7.178815208588435,-0.0006099921149594846,-7.178249003226387
2026-10-01 17:55:19,4579.369,0,642,0,110.9413,110.94046795326449,71.4441,1000,996.883,133.4046185,0.7626513469038575,101.74121198222026,20.24788887464781,-8.292785587404468,-0.0007854889553559259,-8.292065231705676
2026-10-01 17:55:23,4583.863,0,642,0,199.6944,199.69702202329938,84.7273,1000,1004.62,243.14729730000002,0.7626513469038575,185.4366137818777,21.759690825690857,-7.139807793189605,0.0013075628297701516,-7.141021982670264
2026-10-01 17:55:29,4589.84,0,642,1,55.4707,55.47058576170207,63.9442,1000,1000.75,67.70037413,0.7626513469038575,51.63178151613957,22.047154839028646,-6.920572976231157,-0.00015130684374433506,-6.9204321404748566
2026-10-01 17:55:33,4593.742,0,642,1,110.9413,110.94434053656175,71.4446,1000,999.461,133.87747560000003,0.7626513469038575,102.10183708642833,20.67411150961896,-7.967726320762809,0.0027051695482509,-7.970215882458079
2026-10-01 17:55:38,4598.228,0,642,1,199.6944,199.69702202329938,84.7273,1000,999.461,244.00213399999998,0.7626513469038575,186.0885561425155,22.187763247034813,-6.813337784479251,0.0013075628297701516,-6.814556242704577
2026-10-01 17:55:44,4604.262,0,642,2,55.4707,55.47058576170207,63.9442,1000,1000.75,67.65537038,0.7626513469038575,51.59745934558634,21.966024125717656,-6.982447424013056,-0.00015130684374433506,-6.982306681877174
2026-10-01 17:55:48,4608.217,0,642,2,110.9413,110.94434053656175,71.4446,1000,999.461,133.66932869999997,0.7626513469038575,101.94309357278942,20.486492628187136,-8.11081411339139,0.0027051695482509,-8.113299804423974
2026-10-01 17:55:52,4612.732,0,642,2,199.6944,199.69702202329938,84.7273,1000,999.461,243.4156091,0.7626513469038575,185.6412421375379,21.89405202228098,-7.037337045638529,0.0013075628297701516,-7.038552574971075
2026-10-01 19:29:38,10238.693,1,405,0,2.319,2.3190402784640307,75.4719,50,50.0,626.1805654,0.4800663361806434,300.6082098191018,26901.911256258416,12862.708606666854,0.0007398165962963694,12862.612707106731
2026-10-01 19:29:45,10245.637,1,405,0,4.638,4.638051038636647,76.0574,100,100.0,644.8008954000001,0.4800663361806434,309.54720342067634,13802.424889556289,6574.086180755876,0.00010337853899904418,6574.079281190223
2026-10-01 19:29:53,10253.772,1,405,0,8.3485,8.348544003239848,83.5854,150,150.0,829.7266723,0.4800663361806434,398.3238436024184,9838.651711287306,4671.212113613179,0.0007278475879599508,4671.177386713653
2026-10-01 19:29:59,10259.889,1,405,1,2.319,2.318949754960429,62.8023,150,150.0,242.875479,0.4800663361806434,116.5963413516488,10373.180569074324,4927.821423953817,-0.0031637022062904877,4927.980494283647
2026-10-01 19:30:03,10263.938,1,405,1,4.638,4.638252943587711,70.3032,150,150.0,472.6037651,0.4800663361806434,226.8811579767344,10089.716536836331,4791.739884558331,0.0044566113539988295,4791.521888438468
2026-10-01 19:30:08,10268.553,1,405,1,8.3485,8.348544003239848,83.5854,150,150.0,826.8905579999999,0.4800663361806434,396.9623206014278,9804.68009969265,4654.903486500781,0.0007278475879599508,4654.868878302339
2026-10-01 19:30:14,10274.664,1,405,2,2.319,2.318949754960429,62.8023,150,150.0,242.73849890000002,0.4800663361806434,116.53058181691216,10367.273767253177,4924.985767244993,-0.0031637022062904877,4925.14474786025
2026-10-01 19:30:18,10278.735,1,405,2,4.638,4.638252943587711,70.3032,150,150.0,472.1142231,0.4800663361806434,226.64614534238788,10079.16161835865,4786.672823516065,0.0044566113539988295,4786.455053205357
2026-10-01 19:30:23,10283.341,1,405,2,8.3485,8.348544003239848,83.5854,150,150.0,827.5264323,0.4800663361806434,397.2675824469003,9812.296744318937,4658.559981180511,0.0007278475879599508,4658.525346368556
2026-10-01 19:30:35,10295.935,1,488,0,5.3397,5.3397752767736115,69.1827,50,51.1196,5.86460517,0.7394981742133603,4.336864815697234,9.829713653503296,-18.78112727885814,0.0009331612177512675,-18.781885174807478
2026-10-01 19:30:40,10300.891,1,488,0,10.6795,10.679505310316319,86.6875,50,50.4426,10.77367366,0.7394981742133603,7.9671120011405705,0.8822809698279345,-25.397737412333026,0.0005095136787692494,-25.39811751912888
2026-10-01 19:30:46,10306.238,1,488,0,19.223,19.22306114407017,82.9379,100,93.0936,19.08746903,0.7394981742133603,14.11514849803906,-0.7051058773335155,-26.571607087579213,0.0002576566847918634,-26.571796280254624
2026-10-01 19:30:52,10312.217,1,488,1,5.3397,5.3397488924606815,62.1553,100,99.8636,5.859936587,0.7394981742133603,4.3334124070925695,9.742282510366747,-18.845782449577015,0.00043904755620925007,-18.846138753621588
2026-10-01 19:30:55,10316.124,1,488,1,10.6795,10.679776194285369,69.6557,100,100.541,11.726724729999999,0.7394981742133603,8.67189152733766,9.806438954982188,-18.798338875919864,0.003046010841973144,-18.800812211983484
2026-10-01 19:31:00,10320.636,1,488,1,19.223,19.223284806456395,82.9384,100,100.541,19.565863350000004,0.7394981742133603,14.468920224233104,1.7835484999768396,-24.731251719310123,0.001421170450007334,-24.732321401316774
2026-10-01 19:31:06,10326.651,1,488,2,5.3397,5.3397488924606815,62.1553,100,99.8636,5.817658035000001,0.7394981742133603,4.302147495080186,8.95050861847751,-19.4312977970189,0.00043904755620925007,-19.431651530383935
2026-10-01 19:31:10,10330.588,1,488,2,10.6795,10.679776194285369,69.6557,100,99.8636,11.63623204,0.7394981742133603,8.604972348303004,8.95908555758074,-19.42495516621173,0.003046010841973144,-19.427409416056577
2026-10-01 19:31:14,10335.096,1,488,2,19.223,19.223284806456395,82.9384,100,100.541,19.660530050000002,0.7394981742133603,14.538926076041907,2.276013998606754,-24.367074382210223,0.001421170450007334,-24.368149239724023
2026-10-01 19:31:28,10348.431,1,560,0,60.7788,60.77808609165705,69.1077,500,500.164,74.54263866,0.7809484296145025,58.2139566008483,22.64585389462379,-4.219913002263835,-0.0011214951504961226,-4.218838821186126
2026-10-01 19:31:32,10353.101,1,560,0,121.5575,121.5584398579126,68.6779,1000,1002.12,149.42398520000003,0.7809484296145025,116.69242658868069,22.924493864379343,-4.002309555455403,0.0007440202946752842,-4.003023792440661
2026-10-01 19:31:37,10357.64,1,560,0,218.8036,218.80499449673263,81.9606,1000,992.568,261.9543791,0.7809484296145025,204.57286098878706,19.7212579854774,-6.5038715847687,0.0006538720783389138,-6.504482925849346
2026-10-01 19:31:43,10363.646,1,560,1,60.7788,60.77734616284992,61.1776,1000,1004.84,74.63080285,0.7809484296145025,58.28280828657704,22.7909114423556,-4.106630538158943,-0.002338908459212081,-4.104387627569151
2026-10-01 19:31:47,10367.559,1,560,1,121.5575,121.56268301635927,68.6784,1000,998.024,148.216513,0.7809484296145025,115.74945307028749,21.93115997061626,-4.778052099872545,0.004234678797358887,-4.782084272761134
2026-10-01 19:31:51,10372.069,1,560,1,218.8036,218.80499449673263,81.9606,1000,1000.75,260.3078663,0.7809484296145025,203.28701940328688,18.96875068102826,-7.091540982451703,0.0006538720783389138,-7.092148480951371
2026-10-01 19:31:57,10378.033,1,560,2,60.7788,60.77734616284992,61.1776,1000,999.388,74.38100575,0.7809484296145025,58.08772963360978,22.379917423621727,-4.427595671670114,-0.002338908459212081,-4.4253602683365685
2026-10-01 19:32:01,10381.942,1,560,2,121.5575,121.56268301635927,68.6784,1000,1002.12,147.83079769999998,0.7809484296145025,115.4482293124742,21.61384907862802,-5.025855542670328,0.004234678797358887,-5.02987722232342
2026-10-01 19:32:06,10386.487,1,560,2,218.8036,218.80499449673263,81.9606,1000,999.388,260.16485689999996,0.7809484296145025,203.17533643693673,18.90339095949745,-7.142583554341235,0.0006538720783389138,-7.143190719089959
2026-10-01 19:32:19,10399.447,1,642,0,55.4707,55.470331325910344,71.754,500,500.618,64.55036401000001,0.7626513469038575,49.22942205536079,16.368459886443663,-11.251437330476234,-0.0006099921149594846,-11.25089596793954
2026-10-01 19:32:23,10404.137,1,642,0,110.9413,110.94046795326449,71.4441,1000,999.461,128.4634829,0.7626513469038575,97.97284826164567,15.794061629203787,-11.68950293501945,-0.0007854889553559259,-11.688809260369846
2026-10-01 19:32:28,10408.688,1,642,0,199.6944,199.69702202329938,84.7273,1000,999.461,231.572728,0.7626513469038575,176.60925291540065,15.963549988189826,-11.56024240975422,0.0013075628297701516,-11.56139880003068
2026-10-01 19:32:34,10414.676,1,642,1,55.4707,55.47058576170207,63.9442,1000,999.461,64.92446362,0.7626513469038575,49.51472962680349,17.042869645822766,-10.737097819120649,-0.00015130684374433506,-10.736962758036366
2026-10-01 19:32:38,10418.582,1,642,1,110.9413,110.94434053656175,71.4446,1000,1000.75,127.4093151,0.7626513469038575,97.16888576911299,14.843858750960614,-12.414176439943525,0.0027051695482509,-12.41654572087799
2026-10-01 19:32:42,10423.086,1,642,1,199.6944,199.69702202329938,84.7273,1000,999.461,231.7973449,0.7626513469038575,176.780557296723,16.076030301982833,-11.474459146939822,0.0013075628297701516,-11.475616658871674
2026-10-01 19:32:48,10429.085,1,642,2,55.4707,55.47058576170207,63.9442,1000,1000.75,65.12042211999999,0.7626513469038575,49.66417764076574,17.396134715608024,-10.467679737834839,-0.00015130684374433506,-10.467544269101946
2026-10-01 19:32:52,10432.982,1,642,2,110.9413,110.94434053656175,71.4446,1000,1000.75,128.5381808,0.7626513469038575,98.02981671569155,15.861392617286244,-11.638152866269992,0.0027051695482509,-11.640543139389985
2026-10-01 19:32:57,10437.503,1,642,2,199.6944,199.69702202329938,84.7273,1000,999.461,231.1390655,0.7626513469038575,176.27851962567394,15.746386924857273,-11.725862112502558,0.0013075628297701516,-11.727016337225662
2026-10-01 21:06:41,16061.962,2,405,0,2.319,2.3190402784640307,75.4719,50,50.0,623.3951272,0.4800663361806434,299.2710147077702,26781.79868930555,12805.046606720538,0.0007398165962963694,12804.951133750305
2026-10-01 21:06:48,16068.843,2,405,0,4.638,4.638051038636647,76.0574,100,100.0,642.0323253,0.4800663361806434,308.21810611631,13742.732295855958,6545.429776001038,0.00010337853899904418,6545.422906059926
2026-10-01 21:06:56,16076.986,2,405,0,8.3485,8.348544003239848,83.5854,150,150.0,824.7578682000001,0.4800663361806434,395.93848802293206,9779.13426413254,4642.6397908187655,0.0007278475879599508,4642.605271880688
2026-10-01 21:07:02,16083.05,2,405,1,2.319,2.318949754960429,62.8023,150,150.0,241.58007650000002,0.4800663361806434,115.97446221959457,10317.320733622884,4901.004997408991,-0.0031637022062904877,4901.1632193201
2026-10-01 21:07:06,16087.087,2,405,1,4.638,4.638252943587711,70.3032,150,150.0,469.06992490000005,0.4800663361806434,225.1846802592726,10013.524105494069,4755.162463199156,0.0044566113539988295,4754.946097120162
2026-10-01 21:07:11,16091.736,2,405,1,8.3485,8.348544003239848,83.5854,150,150.0,821.3309229,0.4800663361806434,394.29332694846954,9738.085546636306,4622.933683405434,0.0007278475879599508,4622.89930789674
2026-10-01 21:07:17,16097.833,2,405,2,2.319,2.318949754960429,62.8023,150,150.0,241.00565759999998,0.4800663361806434,115.69870304283863,10292.550868477338,4889.11381900088,-0.0031637022062904877,4889.271664698614
2026-10-01 21:07:21,16101.881,2,405,2,4.638,4.638252943587711,70.3032,150,150.0,470.48796699999997,0.4800663361806434,225.86543453476946,10044.098231439177,4769.84007182355,0.0044566113539988295,4769.6230516497335
2026-10-01 21:07:26,16106.538,2,405,2,8.3485,8.348544003239848,83.5854,150,150.0,822.1299647,0.4800663361806434,394.6769200178507,9747.656648082215,4627.528447009784,0.0007278475879599508,4627.494038058458
2026-10-01 21:07:39,16119.251,2,488,0,5.3397,5.3397752767736115,69.1827,50,51.1196,5.957497749,0.7394981742133603,4.405558708265704,11.569364500638743,-17.49465865363275,0.0009331612177512675,-17.495428554296353
2026-10-01 21:07:44,16124.186,2,488,0,10.6795,10.679505310316319,86.6875,50,50.4426,10.83907785,0.7394981742133603,8.015478280231475,1.4947112401712144,-24.94484634558117,0.0005095136787692494,-24.945228759907206
2026-10-01 21:07:49,16129.529,2,488,0,19.223,19.22306114407017,82.9379,100,93.7706,19.25233602,0.7394981742133603,14.237067336132112,0.15254844502022863,-25.937373282092423,0.0002576566847918634,-25.937564108909424
2026-10-01 21:07:55,16135.521,2,488,1,5.3397,5.3397488924606815,62.1553,100,99.1866,5.835721408,0.7394981742133603,4.31550532643382,9.288791422979822,-19.181138280721672,0.00043904755620925007,-19.181493112401128
2026-10-01 21:07:59,16139.477,2,488,1,10.6795,10.679776194285369,69.6557,100,99.8636,11.79631798,0.7394981742133603,8.723355608650234,10.458094650306407,-18.316440679011873,0.003046010841973144,-18.318928693299714
2026-10-01 21:08:03,16144.03,2,488,1,19.223,19.223284806456395,82.9384,100,99.8636,19.96927838,0.7394981742133603,14.767244902368327,3.882153224803563,-23.17933735690523,0.001421170450007334,-23.18042909394677
2026-10-01 21:08:09,16150.083,2,488,2,5.3397,5.3397488924606815,62.1553,100,100.541,5.858278787,0.7394981742133603,4.332186467019358,9.71123597031556,-18.86874130926051,0.00043904755620925007,-18.869097512505213
2026-10-01 21:08:13,16154.028,2,488,2,10.6795,10.679776194285369,69.6557,100,100.541,11.82472211,0.7394981742133603,8.744360410925353,10.72406459832909,-18.119756388053478,0.003046010841973144,-18.122250393183666
2026-10-01 21:08:18,16158.582,2,488,2,19.223,19.223284806456395,82.9384,100,100.541,19.84725481,0.7394981742133603,14.677008695142332,3.2473745936201213,-23.64875499569504,0.001421170450007334,-23.649840061606618
2026-10-01 21:08:31,16171.94,2,560,0,60.7788,60.77808609165705,69.1077,500,500.164,75.21378768,0.7809484296145025,58.73808937405461,23.75010303482239,-3.3575513703225757,-0.0011214951504961226,-3.356467517792519
2026-10-01 21:08:36,16176.651,2,560,0,121.5575,121.5584398579126,68.6779,1000,995.296,148.10483609999997,0.7809484296145025,115.66223917060826,21.839288331732643,-4.8497991119848125,0.0007440202946752842,-4.85050704352269
2026-10-01 21:08:41,16181.198,2,560,0,218.8036,218.80499449673263,81.9606,1000,1003.48,262.1633826,0.7809484296145025,204.73608194389598,19.816779053036324,-6.42927455706346,0.0006538720783389138,-6.429886385910052
2026-10-01 21:08:47,16187.229,2,560,1,60.7788,60.77734616284992,61.1776,1000,996.66,74.58929271000001,0.7809484296145025,58.250391007930965,22.72261433539639,-4.159967056585959,-0.002338908459212081,-4.157725393517687
2026-10-01 21:08:51,16191.178,2,560,1,121.5575,121.56268301635927,68.6784,1000,1000.75,148.44133109999996,0.7809484296145025,115.92502441243138,22.116107863132026,-4.633617333651839,0.004234678797358887,-4.637655622629851
2026-10-01 21:08:55,16195.731,2,560,1,218.8036,218.80499449673263,81.9606,1000,999.388,262.90780309999997,0.7809484296145025,205.31743596434382,20.15700225921588,-6.163577778479125,0.0006538720783389138,-6.164191344631406
2026-10-01 21:09:01,16201.728,2,560,2,60.7788,60.77734616284992,61.1776,1000,999.388,74.60141258,0.7809484296145025,58.259856001374594,22.742555295791163,-4.144394194880651,-0.002338908459212081,-4.14215216756888
2026-10-01 21:09:05,16205.681,2,560,2,121.5575,121.56268301635927,68.6784,1000,999.388,148.5089212,0.7809484296145025,115.9778087948839,22.17171124448762,-4.590193960300937,0.004234678797358887,-4.5942340880414685
2026-10-01 21:09:10,16210.198,2,560,2,218.8036,218.80499449673263,81.9606,1000,999.388,262.56677809999996,0.7809484296145025,205.05111302613452,20.001143280470153,-6.285295603171928,0.0006538720783389138,-6.2859083734505425
2026-10-01 21:09:23,16223.201,2,642,0,55.4707,55.470331325910344,71.754,500,499.329,63.38680535999999,0.7626513469038575,48.342032483736645,14.270849281690515,-12.851182883471033,-0.0006099921149594846,-12.850651279315597
2026-10-01 21:09:27,16227.884,2,642,0,110.9413,110.94046795326449,71.4441,1000,999.461,125.5044296,0.7626513469038575,95.71612227684035,13.126838287213113,-13.72366440928205,-0.0007854889553559259,-13.722986712871668
2026-10-01 21:09:32,16232.405,2,642,0,199.6944,199.69702202329938,84.7273,1000,998.172,225.91958920000002,0.7626513469038575,172.2978789953462,13.132655135044708,-13.719228182448543,0.0013075628297701516,-13.72035634299866
2026-10-01 21:09:38,16238.396,2,642,1,55.4707,55.47058576170207,63.9442,1000,1000.75,63.63089605999998,0.7626513469038575,48.52818858485835,14.710884892135761,-12.515589132479299,-0.00015130684374433506,-12.515456762378163
2026-10-01 21:09:42,16242.328,2,642,1,110.9413,110.94434053656175,71.4446,1000,999.461,125.4681798,0.7626513469038575,95.68847631804536,13.094163541982104,-13.748583847742218,0.0027051695482509,-13.750917031670323
2026-10-01 21:09:46,16246.88,2,642,1,199.6944,199.69702202329938,84.7273,1000,999.461,226.58411260000003,0.7626513469038575,172.80467866140532,13.465425289716041,-13.46544057577905,0.0013075628297701516,-13.46657205471819
2026-10-01 21:09:52,16252.891,2,642,2,55.4707,55.47058576170207,63.9442,1000,998.172,63.31617536,0.7626513469038575,48.28816641910483,14.143520730599699,-12.948290174459764,-0.00015130684374433506,-12.948158459065908
2026-10-01 21:09:56,16256.831,2,642,2,110.9413,110.94434053656175,71.4446,1000,999.461,126.45390650000002,0.7626513469038575,96.44024211347947,13.982675169354101,-13.070959258387225,0.0027051695482509,-13.073310772713503
2026-10-01 21:10:01,16261.383,2,642,2,199.6944,199.69702202329938,84.7273,1000,999.461,225.95702839999996,0.7626513469038575,172.32643205165314,13.15140338134386,-13.704929807156413,0.0013075628297701516,-13.706058154664325
2026-10-01 22:43:45,21886.065,3,405,0,2.319,2.3190402784640307,75.4719,50,50.0,619.4448351000001,0.4800663361806434,297.3746124524799,26611.4557521172,12723.270696970278,0.0007398165962963694,12723.175828987321
2026-10-01 22:43:52,21892.974,3,405,0,4.638,4.638051038636647,76.0574,100,100.0,638.4647073000001,0.4800663361806434,306.505412814158,13665.811588032097,6508.502733619614,0.00010337853899904418,6508.495901853101
2026-10-01 22:44:00,21901.127,3,405,0,8.3485,8.348544003239848,83.5854,150,150.0,819.2657171999998,0.4800663361806434,393.30189121461103,9713.348050723862,4611.058044376463,0.0007278475879599508,4611.023755303691
2026-10-01 22:44:07,21907.215,3,405,1,2.319,2.318949754960429,62.8023,150,150.0,240.24014609999998,0.4800663361806434,115.33120674172947,10259.540783637925,4873.26678851501,-0.0031637022062904877,4873.424132844029
2026-10-01 22:44:11,21911.269,3,405,1,4.638,4.638252943587711,70.3032,150,150.0,467.4042703,0.4800663361806434,224.38505555810812,9977.611255289234,4737.921912779517,0.0044566113539988295,4737.706315010609
2026-10-01 22:44:15,21915.892,3,405,1,8.3485,8.348544003239848,83.5854,150,150.0,819.5639611,0.4800663361806434,393.4450680709724,9716.920482882637,4612.773048794181,0.0007278475879599508,4612.738747238882
2026-10-01 22:44:21,21922.013,3,405,2,2.319,2.318949754960429,62.8023,150,150.0,240.20576470000006,0.4800663361806434,115.31470138899876,10258.058202473703,4872.555051207412,-0.0031637022062904877,4872.71237301847
2026-10-01 22:44:25,21926.02,3,405,2,4.638,4.638252943587711,70.3032,150,150.0,466.62771089999995,0.4800663361806434,224.01225553212348,9960.868011277324,4729.8840449709405,0.0044566113539988295,4729.668805402599
2026-10-01 22:44:30,21930.634,3,405,2,8.3485,8.348544003239848,83.5854,150,150.0,817.0317590000001,0.4800663361806434,392.22944308635647,9686.589199612294,4598.21202076293,0.0007278475879599508,4598.177825188951
2026-10-01 22:44:43,21943.219,3,488,0,5.3397,5.3397752767736115,69.1827,50,50.4426,5.952349118000001,0.7394981742133603,4.401751305041506,11.472943232361368,-17.565962005479214,0.0009331612177512675,-17.5667312407738
2026-10-01 22:44:48,21948.21,3,488,0,10.6795,10.679505310316319,86.6875,50,50.4426,10.88790184,0.7394981742133603,8.051583531694286,1.9518882099484818,-24.606764811138486,0.0005095136787692494,-24.607148948027408
2026-10-01 22:44:53,21953.642,3,488,0,19.223,19.22306114407017,82.9379,100,93.7706,19.684846699999998,0.7394981742133603,14.556908194319888,2.402511607240596,-24.27352963158315,0.0002576566847918634,-24.273724745393483
2026-10-01 22:44:59,21959.639,3,488,1,5.3397,5.3397488924606815,62.1553,100,99.8636,5.849726962,0.7394981742133603,4.3258624080456665,9.551081200516313,-18.98717546911862,0.00043904755620925007,-18.987531152383315
2026-10-01 22:45:03,21963.544,3,488,1,10.6795,10.679776194285369,69.6557,100,99.8636,11.80582958,0.7394981742133603,8.730389419484082,10.54715915457436,-18.2505776407185,0.003046010841973144,-18.253067661140523
2026-10-01 22:45:07,21968.075,3,488,1,19.223,19.223284806456395,82.9384,100,99.8636,19.87591592,0.7394981742133603,14.698203533658262,3.396472511129002,-23.538497357918207,0.001421170450007334,-23.539583990756483
2026-10-01 22:45:13,21974.082,3,488,2,5.3397,5.3397488924606815,62.1553,100,100.541,5.808975361,0.7394981742133603,4.295726673509895,8.787903366883594,-19.551544083690118,0.00043904755620925007,-19.551897289119086
2026-10-01 22:45:17,21978.028,3,488,2,10.6795,10.679776194285369,69.6557,100,99.8636,11.68030102,0.7394981742133603,8.63756127855245,9.37173767260812,-19.119799680563695,0.003046010841973144,-19.1222632251946
2026-10-01 22:45:22,21982.563,3,488,2,19.223,19.223284806456395,82.9384,100,99.8636,19.86723096,0.7394981742133603,14.691781021595146,3.3512924936890673,-23.571907898325964,0.001421170450007334,-23.57299405635026
2026-10-01 22:45:35,21995.911,3,560,0,60.7788,60.77808609165705,69.1077,500,500.164,75.01504571999999,0.7809484296145025,58.5828821524941,23.423110620453087,-3.612915582820131,-0.0011214951504961226,-3.6118345942194527
2026-10-01 22:45:40,22000.621,3,560,0,121.5575,121.5584398579126,68.6779,1000,998.024,149.0191684,0.7809484296145025,116.3762855444391,22.591469014445146,-4.262384789034127,0.0007440202946752842,-4.2630970910212636
2026-10-01 22:45:45,22005.167,3,560,0,218.8036,218.80499449673263,81.9606,1000,1000.75,263.7512088,0.7809484296145025,205.97609232128673,20.542464765103503,-5.862551439830919,0.0006538720783389138,-5.863166974297506
2026-10-01 22:45:51,22011.172,3,560,1,60.7788,60.77734616284992,61.1776,1000,996.66,74.64696391,0.7809484296145025,58.29542924100494,22.817501418766053,-4.08586513783772,-0.002338908459212081,-4.0836217415528635
2026-10-01 22:45:54,22015.11,3,560,1,121.5575,121.56268301635927,68.6784,1000,999.388,148.3763085,0.7809484296145025,115.87424511507196,22.06261665029867,-4.675391212312226,0.004234678797358887,-4.679427732375563
2026-10-01 22:45:59,22019.669,3,560,1,218.8036,218.80499449673263,81.9606,1000,999.388,263.6522054,0.7809484296145025,205.89877577153027,20.497217147432227,-5.897887495795101,0.0006538720783389138,-5.898502799210596
2026-10-01 22:46:05,22025.669,3,560,2,60.7788,60.77734616284992,61.1776,1000,999.388,74.63704793000001,0.7809484296145025,58.28768537199586,22.80118654373396,-4.098606213873386,-0.002338908459212081,-4.096363115597605
2026-10-01 22:46:09,22029.583,3,560,2,121.5575,121.56268301635927,68.6784,1000,999.388,148.4637349,0.7809484296145025,115.9425206248588,22.1345384770121,-4.61922397468537,0.004234678797358887,-4.623262873150093
2026-10-01 22:46:13,22034.117,3,560,2,218.8036,218.80499449673263,81.9606,1000,999.388,263.2634937,0.7809484296145025,205.5952119798425,20.319563871019895,-6.036625543025175,0.0006538720783389138,-6.0372399392772484
2026-10-01 22:46:26,22047.116,3,642,0,55.4707,55.470331325910344,71.754,500,500.618,62.53672093000001,0.7626513469038575,47.69371444821516,12.738355741031034,-14.019941146376446,-0.0006099921149594846,-14.019416671597748
2026-10-01 22:46:31,22051.789,3,642,0,110.9413,110.94046795326449,71.4441,1000,998.172,124.1780476,0.7626513469038575,94.70455525803133,11.93126772050644,-14.635467912299491,-0.0007854889553559259,-14.63479737806118
2026-10-01 22:46:36,22056.298,3,642,0,199.6944,199.69702202329938,84.7273,1000,998.172,223.64835000000002,0.7626513469038575,170.56571536032536,11.995297714855159,-14.5866353508672,0.0013075628297701516,-14.5877521696719
2026-10-01 22:46:42,22062.364,3,642,1,55.4707,55.47058576170207,63.9442,1000,999.461,62.862066920000004,0.7626513469038575,47.94184000569843,13.324874692042135,-13.572631678403187,-0.00015130684374433506,-13.572500907682183
2026-10-01 22:46:46,22066.308,3,642,1,110.9413,110.94434053656175,71.4446,1000,999.461,123.89551700000001,0.7626513469038575,94.48908291539978,11.676601063725842,-14.829689781104726,0.0027051695482509,-14.831993720075465
2026-10-01 22:46:50,22070.832,3,642,1,199.6944,199.69702202329938,84.7273,1000,1002.04,224.521908,0.7626513469038575,171.23193554562397,12.432745110649451,-14.253015505265102,0.0013075628297701516,-14.254136686301855
2026-10-01 22:46:56,22076.859,3,642,2,55.4707,55.47058576170207,63.9442,1000,1002.04,63.253665719999994,0.7626513469038575,48.240493357964354,14.030831195127364,-13.034233000469705,-0.00015130684374433506,-13.034101415113422
2026-10-01 22:47:00,22080.781,3,642,2,110.9413,110.94434053656175,71.4446,1000,1000.75,124.178984,0.7626513469038575,94.70526940475257,11.932111770168351,-14.634824196687985,0.0027051695482509,-14.637133406960576
2026-10-01 22:47:05,22085.313,3,642,2,199.6944,199.69702202329938,84.7273,1000,1000.75,223.6233904,0.7626513469038575,170.54667988776717,11.982798817220344,-14.596167651983203,0.0013075628297701516,-14.597284346148706
2026-10-02 00:20:49,27710.011,4,405,0,2.319,2.3190402784640307,75.4719,50,50.0,616.4061726,0.4800663361806434,295.9158528792153,26480.42374681964,12660.366642264675,0.0007398165962963694,12660.272239652912
2026-10-02 00:20:56,27716.902,4,405,0,4.638,4.638051038636647,76.0574,100,100.0,634.8014056,0.4800663361806434,304.7467849887146,13586.827862830472,6470.585306044171,0.00010337853899904418,6470.578513476099
2026-10-02 00:21:04,27725.073,4,405,0,8.3485,8.348544003239848,83.5854,150,150.0,815.7093704000001,0.4800663361806434,391.5946088361475,9670.7493331103,4590.607834085727,0.0007278475879599508,4590.573693858234
2026-10-02 00:21:11,27731.191,4,405,1,2.319,2.318949754960429,62.8023,150,150.0,239.040011,0.4800663361806434,114.7550622813507,10207.789031417671,4848.422514435705,-0.0031637022062904877,4848.579072741009
2026-10-02 00:21:15,27735.203,4,405,1,4.638,4.638252943587711,70.3032,150,150.0,465.28281849999996,0.4800663361806434,223.36661796509827,9931.871051581826,4715.963580769545,0.0044566113539988295,4715.748961554545
2026-10-02 00:21:19,27739.828,4,405,1,8.3485,8.348544003239848,83.5854,150,150.0,816.7334972000001,0.4800663361806434,392.08625763680783,9683.016553043317,4596.496913414092,0.0007278475879599508,4596.46273032339
2026-10-02 00:21:25,27745.974,4,405,2,2.319,2.318949754960429,62.8023,150,150.0,238.7767642,0.4800663361806434,114.62868635456343,10196.437406782765,4842.972981587528,-0.0031637022062904877,4843.1293674803865
2026-10-02 00:21:29,27750.021,4,405,2,4.638,4.638252943587711,70.3032,150,150.0,464.56255329999993,0.4800663361806434,223.02084288945585,9916.341555709538,4708.508392583404,0.0044566113539988295,4708.29410560236
2026-10-02 00:21:34,27754.64,4,405,2,8.3485,8.348544003239848,83.5854,150,150.0,814.173132,0.4800663361806434,390.85711249595937,9652.347925860387,4581.773937926693,0.0007278475879599508,4581.739861996033
2026-10-02 00:21:47,27767.224,4,488,0,5.3397,5.3397752767736115,69.1827,50,50.4426,5.914520706,0.7394981742133603,4.373777263434115,10.764509580394511,-18.08984739766,0.0009331612177512675,-18.0906117443049
2026-10-02 00:21:51,27772.127,4,488,0,10.6795,10.679505310316319,86.6875,50,49.7656,10.912117160000001,0.7394981742133603,8.06949071662228,2.178635073934563,-24.439085919212168,0.0005095136787692494,-24.439470910443628
2026-10-02 00:21:57,27777.487,4,488,0,19.223,19.22306114407017,82.9379,100,93.0936,19.39303317,0.7394981742133603,14.341112621674133,0.8844688788217491,-25.396119457626753,0.0002576566847918634,-25.396311679016815
2026-10-02 00:22:03,27783.52,4,488,1,5.3397,5.3397488924606815,62.1553,100,99.1866,5.784104207,0.7394981742133603,4.277334500536316,8.322127471853968,-19.895984507657122,0.00043904755620925007,-19.896336200835467
2026-10-02 00:22:07,27787.449,4,488,1,10.6795,10.679776194285369,69.6557,100,99.8636,11.71442073,0.7394981742133603,8.66279274180214,9.691227038951995,-18.883537877471824,0.003046010841973144,-18.88600861844366
2026-10-02 00:22:11,27791.988,4,488,1,19.223,19.223284806456395,82.9384,100,99.8636,20.044836019999998,0.7394981742133603,14.823119639196198,4.275211510958043,-22.888671471934558,0.001421170450007334,-22.889767339775055
2026-10-02 00:22:17,27798.018,4,488,2,5.3397,5.3397488924606815,62.1553,100,99.8636,5.8310091019999994,0.7394981742133603,4.312020584750485,9.20054145497255,-19.24639897093744,0.00043904755620925007,-19.24675351609269
2026-10-02 00:22:21,27801.97,4,488,2,10.6795,10.679776194285369,69.6557,100,99.8636,11.75268542,0.7394981742133603,8.69108941019398,10.049529074972954,-18.61857417601739,0.003046010841973144,-18.621052987566475
2026-10-02 00:22:26,27806.523,4,488,2,19.223,19.223284806456395,82.9384,100,99.8636,19.883297380000002,0.7394981742133603,14.703662109851292,3.4348715931664815,-23.510101306860022,0.001421170450007334,-23.511188343248847
2026-10-02 00:22:39,27819.844,4,560,0,60.7788,60.77808609165705,69.1077,500,500.164,75.09806678,0.7809484296145025,58.647717318926034,23.559706117714466,-3.5062415437414542,-0.0011214951504961226,-3.505159358783184
2026-10-02 00:22:44,27824.573,4,560,0,121.5575,121.5584398579126,68.6779,1000,1003.48,149.4989261,0.7809484296145025,116.75095156684957,22.98614442329,-3.954163648289269,0.0007440202946752842,-3.954878243487183
2026-10-02 00:22:48,27829.128,4,560,0,218.8036,218.80499449673263,81.9606,1000,996.66,264.202258,0.7809484296145025,206.32833848570561,20.748608208182688,-5.701564041682902,0.0006538720783389138,-5.7021806287942525
2026-10-02 00:22:55,27835.197,4,560,1,60.7788,60.77734616284992,61.1776,1000,999.388,74.78839381,0.7809484296145025,58.405878699310485,23.050197646905342,-3.9041413838951162,-0.002338908459212081,-3.901893737158592
2026-10-02 00:22:58,27839.112,4,560,1,121.5575,121.56268301635927,68.6784,1000,998.024,148.5849632,0.7809484296145025,116.03719367536864,22.234267629594896,-4.541340649589052,0.004234678797358887,-4.545382846022772
2026-10-02 00:23:03,27843.605,4,560,1,218.8036,218.80499449673263,81.9606,1000,1000.75,263.1901502,0.7809484296145025,205.53793448869504,20.286043621748902,-6.06280312905365,0.0006538720783389138,-6.063417354138917
2026-10-02 00:23:09,27849.684,4,560,2,60.7788,60.77734616284992,61.1776,1000,999.388,74.56284465,0.7809484296145025,58.22973643700761,22.679099040514593,-4.193950257788109,-0.002338908459212081,-4.191709389574395
2026-10-02 00:23:13,27853.633,4,560,2,121.5575,121.56268301635927,68.6784,1000,999.388,148.57137219999998,0.7809484296145025,116.02657980526175,22.223086915910432,-4.550072210382896,0.004234678797358887,-4.554114037078719
2026-10-02 00:23:18,27858.176,4,560,2,218.8036,218.80499449673263,81.9606,1000,1002.12,263.11681269999997,0.7809484296145025,205.48066168323817,20.252526114663585,-6.08897857357652,0.0006538720783389138,-6.089592627508982
2026-10-02 00:23:31,27871.188,4,642,0,55.4707,55.470331325910344,71.754,500,499.329,62.19668464,0.7626513469038575,47.434385313650466,12.125353785431358,-14.487447913469238,-0.0006099921149594846,-14.486926290462348
2026-10-02 00:23:35,27875.872,4,642,0,110.9413,110.94046795326449,71.4441,1000,999.461,122.67445699999999,0.7626513469038575,93.55783986174934,10.5759653523072,-15.669091088868633,-0.0007854889553559259,-15.668428673689988
2026-10-02 00:23:40,27880.381,4,642,0,199.6944,199.69702202329938,84.7273,1000,998.172,221.73278359999998,0.7626513469038575,169.10480606528154,11.036048834813887,-15.318207801246697,0.0013075628297701516,-15.31931505440704
2026-10-02 00:23:46,27886.383,4,642,1,55.4707,55.47058576170207,63.9442,1000,998.172,62.54546942999998,0.7626513469038575,47.70038650352353,12.75412713886786,-14.007913068573632,-0.00015130684374433506,-14.007782956464156
2026-10-02 00:23:50,27890.326,4,642,1,110.9413,110.94434053656175,71.4446,1000,1003.33,123.24639119999999,0.7626513469038575,93.99402624971972,11.091493831744444,-15.275922599658523,0.0027051695482509,-15.278214467601478
2026-10-02 00:23:54,27894.843,4,642,1,199.6944,199.69702202329938,84.7273,1000,999.461,222.24131069999996,0.7626513469038575,169.49263494303364,11.290701480185827,-15.123996618261156,0.0013075628297701516,-15.125106410821534
2026-10-02 00:24:00,27900.872,4,642,2,55.4707,55.47058576170207,63.9442,1000,999.461,62.62547744999999,0.7626513469038575,47.761404727739645,12.898361957815164,-13.897912189633047,-0.00015130684374433506,-13.897781911084461
2026-10-02 00:24:04,27904.82,4,642,2,110.9413,110.94434053656175,71.4446,1000,999.461,122.85447489999999,0.7626513469038575,93.69513075565115,10.738229392923207,-15.545340199738769,0.0027051695482509,-15.547624779676003
2026-10-02 00:24:09,27909.374,4,642,2,199.6944,199.69702202329938,84.7273,1000,999.461,221.77645879999997,0.7626513469038575,169.13811501538783,11.057919852537717,-15.301527840121462,0.0013075628297701516,-15.302635311379925
2026-10-02 01:57:53,33533.174,5,405,0,2.319,2.3190402784640307,75.4719,50,50.0,613.4969235000001,0.4800663361806434,294.51922032274155,26354.972255091583,12600.141604262391,0.0007398165962963694,12600.047647202158
2026-10-02 01:57:59,33540.124,5,405,0,4.638,4.638051038636647,76.0574,100,100.0,631.7008136,0.4800663361806434,303.25829514728355,13519.97661045059,6438.492270245074,0.00010337853899904418,6438.48551085428
2026-10-02 01:58:08,33548.318,5,405,0,8.3485,8.348544003239848,83.5854,150,150.0,811.6690516,0.4800663361806434,389.6549877928296,9622.353490604168,4567.374619287432,0.0007278475879599508,4567.340648161103
2026-10-02 01:58:14,33554.416,5,405,1,2.319,2.318949754960429,62.8023,150,150.0,238.6426001,0.4800663361806434,114.56427868662945,10190.652035402449,4840.195619545534,-0.0031637022062904877,4840.351917568149
2026-10-02 01:58:18,33558.474,5,405,1,4.638,4.638252943587711,70.3032,150,150.0,463.06569599999995,0.4800663361806434,222.30225208965962,9884.068110787095,4693.014998123559,0.0044566113539988295,4692.801401592122
2026-10-02 01:58:22,33563.082,5,405,1,8.3485,8.348544003239848,83.5854,150,150.0,810.6730521,0.4800663361806434,389.17684196202686,9610.423185763326,4561.647281552971,0.0007278475879599508,4561.613352112628
2026-10-02 01:58:29,33569.228,5,405,2,2.319,2.318949754960429,62.8023,150,150.0,238.34778510000004,0.4800663361806434,114.42274792972837,10177.939139303657,4834.092586093142,-0.0031637022062904877,4834.248691027844
2026-10-02 01:58:33,33573.248,5,405,2,4.638,4.638252943587711,70.3032,150,150.0,461.28191649999997,0.4800663361806434,221.44591960054046,9845.608392918844,4674.551782276006,0.0044566113539988295,4674.339008541673
2026-10-02 01:58:37,33577.918,5,405,2,8.3485,8.348544003239848,83.5854,150,150.0,810.1666093000001,0.4800663361806434,388.9337158225459,9604.356900601086,4558.735062260908,0.0007278475879599508,4558.701154016929
2026-10-02 01:58:50,33590.52,5,488,0,5.3397,5.3397752767736115,69.1827,50,51.1196,5.886115507,0.7394981742133603,4.352771670635448,10.232549664593265,-18.48323078414971,0.0009331612177512675,-18.48399145992767
2026-10-02 01:58:55,33595.494,5,488,0,10.6795,10.679505310316319,86.6875,50,50.4426,10.88641844,0.7394981742133603,8.050486560102657,1.9379979826858704,-24.617036608838603,0.0005095136787692494,-24.61742069339158
2026-10-02 01:59:00,33600.829,5,488,0,19.223,19.22306114407017,82.9379,100,93.7706,19.31573654,0.7394981742133603,14.28395190491629,0.48236419538646924,-25.693475136869775,0.0002576566847918634,-25.693666592105025
2026-10-02 01:59:06,33606.864,5,488,1,5.3397,5.3397488924606815,62.1553,100,99.8636,5.841960479,0.7394981742133603,4.320119108047107,9.405633965918451,-19.094733433548118,0.00043904755620925007,-19.095088644584276
2026-10-02 01:59:10,33610.82,5,488,1,10.6795,10.679776194285369,69.6557,100,99.8636,11.70464736,0.7394981742133603,8.655565352531227,9.599711378697421,-18.95121354114201,0.003046010841973144,-18.953682220768588
2026-10-02 01:59:15,33615.342,5,488,1,19.223,19.223284806456395,82.9384,100,99.8636,19.77560484,0.7394981742133603,14.62402367314489,2.874644391734253,-23.924388299463818,0.001421170450007334,-23.925469448212002
2026-10-02 01:59:21,33621.368,5,488,2,5.3397,5.3397488924606815,62.1553,100,100.541,5.765691772,0.7394981742133603,4.263718538470994,7.977307589680422,-20.150978180956923,0.00043904755620925007,-20.15132875459669
2026-10-02 01:59:25,33625.315,5,488,2,10.6795,10.679776194285369,69.6557,100,99.8636,11.694786610000001,0.7394981742133603,8.648273345909853,9.507377511581474,-19.01949426729232,0.003046010841973144,-19.02196086714392
2026-10-02 01:59:29,33629.823,5,488,2,19.223,19.223284806456395,82.9384,100,99.8636,19.764313870000002,0.7394981742133603,14.615674021444795,2.8159076535669323,-23.9678240100978,0.001421170450007334,-23.96890454155927
2026-10-02 01:59:43,33643.168,5,560,0,60.7788,60.77808609165705,69.1077,500,500.164,74.74174053,0.7809484296145025,58.36944489355812,22.97343847302255,-3.96408634019739,-0.0011214951504961226,-3.9630092900038947
2026-10-02 01:59:47,33647.872,5,560,0,121.5575,121.5584398579126,68.6779,1000,1003.48,149.12165989999997,0.7809484296145025,116.45632612041291,22.67578423161749,-4.1965389525907675,0.0007440202946752842,-4.197251744480645
2026-10-02 01:59:52,33652.422,5,560,0,218.8036,218.80499449673263,81.9606,1000,995.296,262.5411124,0.7809484296145025,205.03106943802456,19.989413261290345,-6.2944561432297474,0.0006538720783389138,-6.29506885361054
2026-10-02 01:59:58,33658.429,5,560,1,60.7788,60.77734616284992,61.1776,1000,1000.75,74.62970166999999,0.7809484296145025,58.28194832178531,22.789099658337484,-4.108045448042695,-0.002338908459212081,-4.105802570547123
2026-10-02 02:00:02,33662.366,5,560,1,121.5575,121.56268301635927,68.6784,1000,999.388,148.1797784,0.7809484296145025,115.72076524210497,21.900940042361334,-4.801652305386296,0.004234678797358887,-4.805683478924304
2026-10-02 02:00:06,33666.916,5,560,1,218.8036,218.80499449673263,81.9606,1000,999.388,261.4006578,0.7809484296145025,204.14043320910793,19.468190215291173,-6.70150446248169,0.0006538720783389138,-6.702114511304582
2026-10-02 02:00:12,33672.916,5,560,2,60.7788,60.77734616284992,61.1776,1000,992.568,74.52904730000002,0.7809484296145025,58.203342449599994,22.623491874942818,-4.237376586416694,-0.002338908459212081,-4.235136733928811
2026-10-02 02:00:16,33676.838,5,560,2,121.5575,121.56268301635927,68.6784,1000,1000.75,148.2132091,0.7809484296145025,115.74687289477089,21.92844199843305,-4.780174695980757,0.004234678797358887,-4.7842067789880245
2026-10-02 02:00:21,33681.345,5,560,2,218.8036,218.80499449673263,81.9606,1000,1000.75,261.7636832,0.7809484296145025,204.42393732514813,19.6341040576862,-6.571934307811982,0.0006538720783389138,-6.572545203852396
2026-10-02 02:00:34,33694.336,5,642,0,55.4707,55.470331325910344,71.754,500,503.196,60.78028864,0.7626513469038575,46.35416899650123,9.571939507491967,-16.43481275174326,-0.0006099921149594846,-16.43430300758079
2026-10-02 02:00:38,33699.026,5,642,0,110.9413,110.94046795326449,71.4441,1000,1000.75,122.20346780000003,0.7626513469038575,93.1986393139922,10.151426399911372,-15.992866292726463,-0.0007854889553559259,-15.992206420786259
2026-10-02 02:00:43,33703.563,5,642,0,199.6944,199.69702202329938,84.7273,1000,1000.75,219.94511330000003,0.7626513469038575,167.74143690316657,10.140845863432705,-16.00093555312288,0.0013075628297701516,-16.00203387930564
2026-10-02 02:00:49,33709.581,5,642,1,55.4707,55.47058576170207,63.9442,1000,998.172,61.92822009,0.7626513469038575,47.22964046299703,11.641378106955447,-14.856552616527594,-0.00015130684374433506,-14.856423788469778
2026-10-02 02:00:53,33713.493,5,642,1,110.9413,110.94434053656175,71.4446,1000,999.461,122.36067359999998,0.7626513469038575,93.31853252910327,10.29312813244056,-15.88479727555447,0.0027051695482509,-15.88707267285067
2026-10-02 02:00:57,33718.02,5,642,1,199.6944,199.69702202329938,84.7273,1000,999.461,220.00751039999997,0.7626513469038575,167.78902413552441,10.172092156065927,-15.977105525960408,0.0013075628297701516,-15.978204163731668
2026-10-02 02:01:03,33724.03,5,642,2,55.4707,55.47058576170207,63.9442,1000,999.461,61.85290144000001,0.7626513469038575,47.172198593127554,11.50559707092802,-14.960106206537919,-0.00015130684374433506,-14.959977535164008
2026-10-02 02:01:07,33727.965,5,642,2,110.9413,110.94434053656175,71.4446,1000,999.461,121.67623040000001,0.7626513469038575,92.7965410007441,9.676186599381076,-16.355308566703215,0.0027051695482509,-16.357571236215552
2026-10-02 02:01:12,33732.478,5,642,2,199.6944,199.69702202329938,84.7273,1000,999.461,221.5299843,0.7626513469038575,168.9501409059854,10.93449401457997,-15.395658721682674,0.0013075628297701516,-15.39676496213681
