iso_time,elapsed_s,cycle,laser,rep,target,commanded,measured,dev_pct,att_pos
2026-10-01 17:49:25,4225.619,0,405,0,2.319,2.3190402784640307,643.1633949,27634.238128693745,75.4719
2026-10-01 17:49:31,4231.42,0,405,0,4.638,4.638051038636647,661.6992891000001,14166.767822148939,76.0574
2026-10-01 17:49:38,4238.47,0,405,0,8.3485,8.348544003239848,859.4437360000001,10194.60934873162,83.5854
2026-10-01 17:49:43,4243.465,0,405,1,2.319,2.318949754960429,247.31996210000003,10564.83381556159,62.8023
2026-10-01 17:49:46,4246.413,0,405,1,4.638,4.638252943587711,482.8621208,10310.894920159031,70.3032
2026-10-01 17:49:49,4249.934,0,405,1,8.3485,8.348544003239848,858.211416,10179.848344071008,83.5854
2026-10-01 17:49:54,4254.905,0,405,2,2.319,2.318949754960429,246.3464692,10522.855238858867,62.8023
2026-10-01 17:49:57,4257.82,0,405,2,4.638,4.638252943587711,482.3894202999999,10300.703117940102,70.3032
2026-10-01 17:50:01,4261.322,0,405,2,8.3485,8.348544003239848,858.6109280999998,10184.633789385593,83.5854
2026-10-01 17:50:12,4272.882,0,488,0,5.3397,5.3397752767736115,5.865390552,9.84442193780688,69.1827
2026-10-01 17:50:16,4276.818,0,488,0,10.6795,10.679505310316319,10.85936688,1.6846931989402496,86.6875
2026-10-01 17:50:20,4281.123,0,488,0,19.223,19.22306114407017,18.551145289999997,-3.4951148038744106,82.9379
2026-10-01 17:50:25,4286.113,0,488,1,5.3397,5.3397488924606815,5.9013441669999995,10.517745226552377,62.1553
2026-10-01 17:50:28,4289.023,0,488,1,10.6795,10.679776194285369,11.539980039999998,8.057803263876288,69.6557
2026-10-01 17:50:32,4292.532,0,488,1,19.223,19.223284806456395,19.711335560000002,2.540309266270016,82.9384
2026-10-01 17:50:37,4297.51,0,488,2,5.3397,5.3397488924606815,5.942401383,11.286646481790687,62.1553
2026-10-01 17:50:40,4300.429,0,488,2,10.6795,10.679776194285369,11.59351702,8.559111622480895,69.6557
2026-10-01 17:50:43,4303.911,0,488,2,19.223,19.223284806456395,19.67789941,2.3663711203114395,82.9384
2026-10-01 17:50:56,4316.231,0,560,0,60.7788,60.77808609165705,74.96362031000001,23.33849980663288,69.1077
2026-10-01 17:50:59,4319.91,0,560,0,121.5575,121.5584398579126,150.4404381,23.76068464126324,68.6779
2026-10-01 17:51:03,4323.418,0,560,0,218.8036,218.80499449673263,265.58472520000004,21.380438501977792,81.9606
2026-10-01 17:51:08,4328.412,0,560,1,60.7788,60.77734616284992,74.99043721,23.382621958174983,61.1776
2026-10-01 17:51:11,4331.313,0,560,1,121.5575,121.56268301635927,149.3795366,22.88792797001726,68.6784
2026-10-01 17:51:14,4334.827,0,560,1,218.8036,218.80499449673263,262.03137630000003,19.756448088719942,81.9606
2026-10-01 17:51:19,4339.82,0,560,2,60.7788,60.77734616284992,74.46880489,22.524374350423436,61.1776
2026-10-01 17:51:22,4342.732,0,560,2,121.5575,121.56268301635927,148.0666339,21.80786107396531,68.6784
2026-10-01 17:51:26,4346.265,0,560,2,218.8036,218.80499449673263,263.1094815,20.249175529383994,81.9606
2026-10-01 17:51:38,4358.264,0,642,0,55.4707,55.470331325910344,67.78319626,22.196462807472038,71.754
2026-10-01 17:51:41,4361.889,0,642,0,110.9413,110.94046795326449,134.19188710000003,20.957514884539687,71.4441
2026-10-01 17:51:45,4365.412,0,642,0,199.6944,199.69702202329938,244.4981919,22.436171751699867,84.7273
2026-10-01 17:51:50,4370.417,0,642,1,55.4707,55.47058576170207,67.82101319,22.264637448610426,63.9442
2026-10-01 17:51:53,4373.362,0,642,1,110.9413,110.94434053656175,134.8469554,21.547978550860975,71.4446
2026-10-01 17:51:56,4376.874,0,642,1,199.6944,199.69702202329938,245.11903230000001,22.747066982679268,84.7273
2026-10-01 17:52:01,4381.84,0,642,2,55.4707,55.47058576170207,67.98321603000001,22.55704935006901,63.9442
2026-10-01 17:52:04,4384.765,0,642,2,110.9413,110.94434053656175,134.7638175,21.473039938743323,71.4446
2026-10-01 17:52:08,4388.284,0,642,2,199.6944,199.69702202329938,244.07701369999998,22.22526039062786,84.7273
2026-10-01 19:26:30,10050.5,1,405,0,2.319,2.3190402784640307,625.3421186,26865.756084191988,75.4719
2026-10-01 19:26:36,10056.305,1,405,0,4.638,4.638051038636647,644.4351374,13794.538853480612,76.0574
2026-10-01 19:26:43,10063.346,1,405,0,8.3485,8.348544003239848,829.2933644,9833.461452319361,83.5854
2026-10-01 19:26:48,10068.353,1,405,1,2.319,2.318949754960429,243.25372120000003,10389.490979971937,62.8023
2026-10-01 19:26:51,10071.258,1,405,1,4.638,4.638252943587711,472.93578700000006,10096.875195515886,70.3027
2026-10-01 19:26:54,10074.796,1,405,1,8.3485,8.348544003239848,828.4605323999999,9823.485604298143,83.5854
2026-10-01 19:26:59,10079.793,1,405,2,2.319,2.318949754960429,242.8247378,10370.992527069922,62.8023
2026-10-01 19:27:02,10082.715,1,405,2,4.638,4.638252943587711,473.43658510000006,10107.67280454489,70.3032
2026-10-01 19:27:06,10086.244,1,405,2,8.3485,8.348544003239848,827.5376797,9812.431468192459,83.5854
2026-10-01 19:27:17,10097.774,1,488,0,5.3397,5.3397752767736115,5.92743568,11.006375461412118,69.1827
2026-10-01 19:27:21,10101.678,1,488,0,10.6795,10.679505310316319,10.77402262,0.8855485535582597,86.6875
2026-10-01 19:27:25,10106.042,1,488,0,19.223,19.22306114407017,18.62126178,-3.1303619160053704,82.9379
2026-10-01 19:27:30,10111.011,1,488,1,5.3397,5.3397488924606815,5.797107424,8.56564592847401,62.1553
2026-10-01 19:27:33,10113.941,1,488,1,10.6795,10.679776194285369,11.631083490000002,8.910875681908028,69.6557
2026-10-01 19:27:37,10117.449,1,488,1,19.223,19.223284806456395,19.633606640000004,2.1359557676716188,82.9384
2026-10-01 19:27:42,10122.411,1,488,2,5.3397,5.3397488924606815,5.838295677,9.337001186287216,62.1553
2026-10-01 19:27:45,10125.336,1,488,2,10.6795,10.679776194285369,11.649146869999997,9.080017149705588,69.6557
2026-10-01 19:27:48,10128.851,1,488,2,19.223,19.223284806456395,19.67616285,2.3573373641300197,82.9384
2026-10-01 19:28:00,10141.153,1,560,0,60.7788,60.77808609165705,74.79243426,23.056845445390554,69.1077
2026-10-01 19:28:04,10144.857,1,560,0,121.5575,121.5584398579126,147.64014479999997,21.457007382799148,68.6779
2026-10-01 19:28:08,10148.394,1,560,0,218.8036,218.80499449673263,261.8040295,19.65254356538848,81.9601
2026-10-01 19:28:13,10153.386,1,560,1,60.7788,60.77734616284992,74.23480004999999,22.139363517252107,61.1776
2026-10-01 19:28:16,10156.264,1,560,1,121.5575,121.56268301635927,148.52838519999997,22.187723415126563,68.6784
2026-10-01 19:28:19,10159.791,1,560,1,218.8036,218.80499449673263,260.3775471999999,19.000597008752244,81.9606
2026-10-01 19:28:24,10164.789,1,560,2,60.7788,60.77734616284992,74.42876176,22.45849093175531,61.1776
2026-10-01 19:28:27,10167.692,1,560,2,121.5575,121.56268301635927,147.6805508,21.49024760920884,68.6784
2026-10-01 19:28:31,10171.243,1,560,2,218.8036,218.80499449673263,260.1098598,18.87825558279494,81.9606
2026-10-01 19:28:43,10183.196,1,642,0,55.4707,55.470331325910344,64.79788796999999,16.814684821840295,71.754
2026-10-01 19:28:46,10186.86,1,642,0,110.9413,110.94046795326449,128.27065290000002,15.620249053054508,71.4441
2026-10-01 19:28:50,10190.366,1,642,0,199.6944,199.69702202329938,230.3559928,15.354251413153857,84.7273
2026-10-01 19:28:55,10195.357,1,642,1,55.4707,55.47058576170207,65.02259896,17.21978357266698,63.9442
2026-10-01 19:28:58,10198.266,1,642,1,110.9413,110.94434053656175,128.5653726,15.885902687338287,71.4446
2026-10-01 19:29:01,10201.799,1,642,1,199.6944,199.69702202329938,232.37140159999998,16.3634978867949,84.7273
2026-10-01 19:29:06,10206.79,1,642,2,55.4707,55.47058576170207,65.30200316999998,17.7234807725534,63.9442
2026-10-01 19:29:09,10209.696,1,642,2,110.9413,110.94434053656175,127.30305339999998,14.74807687146569,71.4446
2026-10-01 19:29:13,10213.2,1,642,2,199.6944,199.69702202329938,232.09685819999999,16.226016122146746,84.7273
2026-10-01 21:03:33,15873.84,2,405,0,2.319,2.3190402784640307,620.4633833,26655.37718568813,75.4719
2026-10-01 21:03:39,15879.647,2,405,0,4.638,4.638051038636647,642.3980891000001,13750.618456984295,76.0574
2026-10-01 21:03:46,15886.7,2,405,0,8.3485,8.348544003239848,826.4741481,9799.692248749207,83.5854
2026-10-01 21:03:51,15891.695,2,405,1,2.319,2.318949754960429,241.9667873,10333.996324148062,62.8023
2026-10-01 21:03:54,15894.637,2,405,1,4.638,4.638252943587711,470.24038140000005,10038.760087165045,70.3032
2026-10-01 21:03:57,15898.144,2,405,1,8.3485,8.348544003239848,822.3550617999999,9750.35291150583,83.5854
2026-10-01 21:04:02,15903.135,2,405,2,2.319,2.318949754960429,241.86362469999997,10329.547787217847,62.8023
2026-10-01 21:04:05,15906.051,2,405,2,4.638,4.638252943587711,469.55946400000005,10024.078961445422,70.3032
2026-10-01 21:04:09,15909.564,2,405,2,8.3485,8.348544003239848,822.0117984,9746.241225704076,83.5854
2026-10-01 21:04:20,15921.084,2,488,0,5.3397,5.3397752767736115,5.997596029999999,12.320307248286252,69.1827
2026-10-01 21:04:24,15925.004,2,488,0,10.6795,10.679505310316319,10.877822980000001,1.8575120093633053,86.6875
2026-10-01 21:04:29,15929.339,2,488,0,19.223,19.22306114407017,18.873017660000002,-1.8207030288019874,82.9379
2026-10-01 21:04:34,15934.314,2,488,1,5.3397,5.3397488924606815,5.844491067000001,9.45302569091246,62.1553
2026-10-01 21:04:37,15937.23,2,488,1,10.6795,10.679776194285369,11.764902519999998,10.16392727875484,69.6557
2026-10-01 21:04:40,15940.756,2,488,1,19.223,19.223284806456395,19.89589129,3.500386353561111,82.9384
2026-10-01 21:04:45,15945.744,2,488,2,5.3397,5.3397488924606815,5.871324521,9.95555066637545,62.1553
2026-10-01 21:04:48,15948.661,2,488,2,10.6795,10.679776194285369,11.839687540000002,10.864197552207191,69.6557
2026-10-01 21:04:52,15952.184,2,488,2,19.223,19.223284806456395,19.875481360000002,3.394211887202278,82.9384
2026-10-01 21:05:04,15964.532,2,560,0,60.7788,60.77808609165705,75.20459963,23.734985831324735,69.1077
2026-10-01 21:05:08,15968.209,2,560,0,121.5575,121.5584398579126,148.56769590000002,22.220062586742763,68.6779
2026-10-01 21:05:11,15971.736,2,560,0,218.8036,218.80499449673263,261.4483267,19.48997637780693,81.9601
2026-10-01 21:05:16,15976.73,2,560,1,60.7788,60.77734616284992,74.53602552,22.63497321992801,61.1776
2026-10-01 21:05:19,15979.617,2,560,1,121.5575,121.56268301635927,148.2058585,21.922394985409074,68.6784
2026-10-01 21:05:22,15983.14,2,560,1,218.8036,218.80499449673263,262.31373859999997,19.885496398123315,81.9606
2026-10-01 21:05:27,15988.131,2,560,2,60.7788,60.77734616284992,74.82696772999999,23.11366375759724,61.1776
2026-10-01 21:05:30,15991.01,2,560,2,121.5575,121.56268301635927,148.6782656,22.311023381229955,68.6784
2026-10-01 21:05:34,15994.538,2,560,2,218.8036,218.80499449673263,262.09738840000006,19.786617661305133,81.9606
2026-10-01 21:05:46,16006.551,2,642,0,55.4707,55.470331325910344,63.21928872,13.968857903312998,71.754
2026-10-01 21:05:50,16010.179,2,642,0,110.9413,110.94046795326449,126.2041927,13.757588829686865,71.4441
2026-10-01 21:05:53,16013.665,2,642,0,199.6944,199.69702202329938,226.34077070000004,13.343568148641683,84.7273
2026-10-01 21:05:58,16018.685,2,642,1,55.4707,55.47058576170207,64.00218682,15.380230984507545,63.9442
2026-10-01 21:06:01,16021.596,2,642,1,110.9413,110.94434053656175,126.1063637,13.669407994173161,71.4446
2026-10-01 21:06:04,16025.134,2,642,1,199.6944,199.69702202329938,226.68707380000004,13.516984669640284,84.7273
2026-10-01 21:06:09,16030.091,2,642,2,55.4707,55.47058576170207,63.88435513,15.167809373856475,63.9442
2026-10-01 21:06:12,16033.034,2,642,2,110.9413,110.94434053656175,126.37420739999999,13.910836213342147,71.4446
2026-10-01 21:06:16,16036.544,2,642,2,199.6944,199.69702202329938,225.69808360000005,13.021732851837589,84.7273
2026-10-01 22:40:37,21697.768,3,405,0,2.319,2.3190402784640307,619.4504677,26611.698638871825,75.4719
2026-10-01 22:40:43,21703.549,3,405,0,4.638,4.638051038636647,640.0403203000001,13699.783069064113,76.0574
2026-10-01 22:40:50,21710.621,3,405,0,8.3485,8.348544003239848,821.3984192,9738.894032418306,83.5854
2026-10-01 22:40:55,21715.62,3,405,1,2.319,2.318949754960429,240.6043021,10275.243774977418,62.8023
2026-10-01 22:40:58,21718.568,3,405,1,4.638,4.638252943587711,468.35526510000005,9998.115466545263,70.3032
2026-10-01 22:41:01,21722.085,3,405,1,8.3485,8.348544003239848,820.9651172000001,9733.703844121881,83.5854
2026-10-01 22:41:06,21727.117,3,405,2,2.319,2.318949754960429,240.48536420000005,10270.114981785391,62.8023
2026-10-01 22:41:09,21730.064,3,405,2,4.638,4.638252943587711,467.61247510000004,9982.100317904213,70.3032
2026-10-01 22:41:13,21733.58,3,405,2,8.3485,8.348544003239848,818.9168515,9709.169259319337,83.5854
2026-10-01 22:41:24,21745.127,3,488,0,5.3397,5.3397752767736115,5.961424438,11.642901783367082,69.1827
2026-10-01 22:41:28,21749.068,3,488,0,10.6795,10.679505310316319,10.87699382,1.849747939768389,86.6875
2026-10-01 22:41:33,21753.383,3,488,0,19.223,19.22306114407017,19.08672696,-0.7089661985718061,82.9379
2026-10-01 22:41:38,21758.366,3,488,1,5.3397,5.3397488924606815,5.840128103,9.371318044291696,62.1553
2026-10-01 22:41:41,21761.279,3,488,1,10.6795,10.679776194285369,11.81747931,10.65624463202353,69.6557
2026-10-01 22:41:44,21764.756,3,488,1,19.223,19.223284806456395,19.898929820000003,3.5161930859342965,82.9384
2026-10-01 22:41:49,21769.765,3,488,2,5.3397,5.3397488924606815,5.8362449970000005,9.298596964576435,62.1553
2026-10-01 22:41:52,21772.675,3,488,2,10.6795,10.679776194285369,11.864077590000003,11.092580549002754,69.6557
2026-10-01 22:41:56,21776.178,3,488,2,19.223,19.223284806456395,19.963632520000004,3.8527829049329867,82.9384
2026-10-01 22:42:08,21788.519,3,560,0,60.7788,60.77808609165705,75.08851811,23.543995582016237,69.1077
2026-10-01 22:42:12,21792.225,3,560,0,121.5575,121.5584398579126,149.04341540000001,22.61141594732035,68.6779
2026-10-01 22:42:15,21795.768,3,560,0,218.8036,218.80499449673263,262.8271252,20.12012996216627,81.9606
2026-10-01 22:42:20,21800.773,3,560,1,60.7788,60.77734616284992,75.10027289000001,23.563335855668495,61.1776
2026-10-01 22:42:23,21803.658,3,560,1,121.5575,121.56268301635927,148.5735758,22.22489972002161,68.6784
2026-10-01 22:42:27,21807.17,3,560,1,218.8036,218.80499449673263,262.75745029999996,20.088286376627913,81.9606
2026-10-01 22:42:32,21812.164,3,560,2,60.7788,60.77734616284992,74.82219117,23.10580482893025,61.1776
2026-10-01 22:42:34,21815.055,3,560,2,121.5575,121.56268301635927,148.7319008,22.355146684490073,68.6784
2026-10-01 22:42:38,21818.572,3,560,2,218.8036,218.80499449673263,263.21216219999997,20.296103786957158,81.9606
2026-10-01 22:42:50,21830.565,3,642,0,55.4707,55.470331325910344,62.818935539999984,13.247119402194324,71.754
2026-10-01 22:42:54,21834.227,3,642,0,110.9413,110.94046795326449,124.7968599,12.489051053057745,71.4441
2026-10-01 22:42:57,21837.739,3,642,0,199.6944,199.69702202329938,223.62027319999996,11.981237832120108,84.7273
2026-10-01 22:43:02,21842.763,3,642,1,55.4707,55.47058576170207,63.13928143,13.824624400376495,63.9442
2026-10-01 22:43:05,21845.673,3,642,1,110.9413,110.94434053656175,123.80582319999999,11.595753112459843,71.4446
2026-10-01 22:43:09,21849.164,3,642,1,199.6944,199.69702202329938,223.97905599999999,12.160903751859612,84.7273
2026-10-01 22:43:13,21854.141,3,642,2,55.4707,55.47058576170207,63.16397189999998,13.8691352565403,63.9442
2026-10-01 22:43:16,21857.069,3,642,2,110.9413,110.94434053656175,125.21065300000001,12.862034741818839,71.4446
2026-10-01 22:43:20,21860.579,3,642,2,199.6944,199.69702202329938,224.06016879999999,12.2015222146584,84.7273
2026-10-02 00:17:41,27521.878,4,405,0,2.319,2.3190402784640307,617.317778,26519.73363516758,75.4719
2026-10-02 00:17:47,27527.693,4,405,0,4.638,4.638051038636647,636.2982390999999,13619.10079460581,76.0574
2026-10-02 00:17:54,27534.736,4,405,0,8.3485,8.348544003239848,817.2118009999998,9688.74578296816,83.5854
2026-10-02 00:17:59,27539.705,4,405,1,2.319,2.318949754960429,239.934048,10246.341342153137,62.8023
2026-10-02 00:18:02,27542.634,4,405,1,4.638,4.638252943587711,466.5601937,9959.41228624895,70.3032
2026-10-02 00:18:05,27546.111,4,405,1,8.3485,8.348544003239848,817.5438286000001,9692.72288384379,83.5854
2026-10-02 00:18:10,27551.136,4,405,2,2.319,2.318949754960429,238.80438519999998,10197.628468645778,62.8023
2026-10-02 00:18:13,27554.023,4,405,2,4.638,4.638252943587711,466.025588,9947.885758226423,70.3032
2026-10-02 00:18:17,27557.536,4,405,2,8.3485,8.348544003239848,815.9794629,9673.984561501704,83.5854
2026-10-02 00:18:28,27569.076,4,488,0,5.3397,5.3397752767736115,5.982891099,12.0449198497814,69.1827
2026-10-02 00:18:32,27573.026,4,488,0,10.6795,10.679505310316319,10.93450039,2.388226655147557,86.6875
2026-10-02 00:18:37,27577.304,4,488,0,19.223,19.22306114407017,18.94291567,-1.4570866954145425,82.9379
2026-10-02 00:18:42,27582.326,4,488,1,5.3397,5.3397488924606815,5.819228758,8.979924419254925,62.1553
2026-10-02 00:18:45,27585.228,4,488,1,10.6795,10.679776194285369,11.75648131,10.08507294362866,69.6557
2026-10-02 00:18:48,27588.731,4,488,1,19.223,19.223284806456395,19.953646150000004,3.8008328244764695,82.9384
2026-10-02 00:18:53,27593.706,4,488,2,5.3397,5.3397488924606815,5.854875547000001,9.647501607326204,62.1553
2026-10-02 00:18:56,27596.631,4,488,2,10.6795,10.679776194285369,11.809669240000002,10.583112875762982,69.6557
2026-10-02 00:19:00,27600.174,4,488,2,19.223,19.223284806456395,19.927591250000003,3.665292668114689,82.9384
2026-10-02 00:19:12,27612.528,4,560,0,60.7788,60.77808609165705,75.11606664,23.589321492745032,69.1077
2026-10-02 00:19:16,27616.204,4,560,0,121.5575,121.5584398579126,149.6884776,23.142080046125557,68.6779
2026-10-02 00:19:19,27619.738,4,560,0,218.8036,218.80499449673263,263.4835273,20.42012603562877,81.9606
2026-10-02 00:19:24,27624.737,4,560,1,60.7788,60.77734616284992,74.9492906,23.314922971272516,61.1776
2026-10-02 00:19:27,27627.641,4,560,1,121.5575,121.56268301635927,148.8674507,22.466657583015266,68.6784
2026-10-02 00:19:30,27631.13,4,560,1,218.8036,218.80499449673263,262.1743917,19.821810552436407,81.9606
2026-10-02 00:19:35,27636.13,4,560,2,60.7788,60.77734616284992,74.72227069,22.941404523125993,61.1776
2026-10-02 00:19:38,27639.023,4,560,2,121.5575,121.56268301635927,148.3568385,22.04659954372549,68.6784
2026-10-02 00:19:42,27642.507,4,560,2,218.8036,218.80499449673263,262.1633886999999,19.81678184092508,81.9606
2026-10-02 00:19:54,27654.477,4,642,0,55.4707,55.470331325910344,62.19824702,12.12817037302378,71.754
2026-10-02 00:19:57,27658.144,4,642,0,110.9413,110.94046795326449,123.77300710000002,11.566173426310547,71.4441
2026-10-02 00:20:01,27661.678,4,642,0,199.6944,199.69702202329938,222.5345788,11.437559921885816,84.7273
2026-10-02 00:20:06,27666.678,4,642,1,55.4707,55.47058576170207,62.75111510999999,13.124855816094133,63.9442
2026-10-02 00:20:09,27669.624,4,642,1,110.9413,110.94434053656175,123.1107481,10.969228226559176,71.4446
2026-10-02 00:20:13,27673.173,4,642,1,199.6944,199.69702202329938,221.85757159999997,11.098538315336505,84.7273
2026-10-02 00:20:18,27678.177,4,642,2,55.4707,55.47058576170207,62.64485568,12.933296149357085,63.9442
2026-10-02 00:20:20,27681.079,4,642,2,110.9413,110.94434053656175,123.54735559999999,11.362776296574737,71.4446
2026-10-02 00:20:24,27684.592,4,642,2,199.6944,199.69702202329938,222.60321079999994,11.471928435102036,84.7273
2026-10-02 01:54:44,33344.941,5,405,0,2.319,2.3190402784640307,611.3586069,26262.76461042586,75.4719
2026-10-02 01:54:50,33350.742,5,405,0,4.638,4.638051038636647,633.4902347999999,13558.55796789946,76.0574
2026-10-02 01:54:57,33357.8,5,405,0,8.3485,8.348544003239848,813.0533396999999,9638.934803165619,83.5854
2026-10-02 01:55:02,33362.794,5,405,1,2.319,2.318949754960429,238.7908563,10197.045080758355,62.8023
2026-10-02 01:55:05,33365.726,5,405,1,4.638,4.638252943587711,463.35271,9890.256363014594,70.3032
2026-10-02 01:55:09,33369.273,5,405,1,8.3485,8.348544003239848,811.021918,9614.601979563498,83.5854
2026-10-02 01:55:14,33374.28,5,405,2,2.319,2.318949754960429,238.3658215,10178.716897827462,62.8023
2026-10-02 01:55:17,33377.188,5,405,2,4.638,4.638252943587711,463.49901259999996,9893.410764508382,70.3032
2026-10-02 01:55:20,33380.699,5,405,2,8.3485,8.348544003239848,811.4552259,9619.792238531445,83.5854
2026-10-02 01:55:32,33392.2,5,488,0,5.3397,5.3397752767736115,5.939521642,11.232715974918001,69.1827
2026-10-02 01:55:35,33396.107,5,488,0,10.6795,10.679505310316319,10.96334167,2.6582899784215868,86.6875
2026-10-02 01:55:40,33400.425,5,488,0,19.223,19.22306114407017,18.831959750000003,-2.034290321068986,82.9379
2026-10-02 01:55:45,33405.399,5,488,1,5.3397,5.3397488924606815,5.798023893000001,8.582809151730247,62.1553
2026-10-02 01:55:48,33408.324,5,488,1,10.6795,10.679776194285369,11.63265426,8.925584022394263,69.6557
2026-10-02 01:55:51,33411.804,5,488,1,19.223,19.223284806456395,19.800356960000002,3.0034073582044996,82.9384
2026-10-02 01:55:56,33416.79,5,488,2,5.3397,5.3397488924606815,5.844578473,9.454662591551681,62.1553
2026-10-02 01:55:59,33419.686,5,488,2,10.6795,10.679776194285369,11.65691351,9.152742237117588,69.6557
2026-10-02 01:56:03,33423.219,5,488,2,19.223,19.223284806456395,19.979701009999996,3.936372772754256,82.9384
2026-10-02 01:56:15,33435.567,5,560,0,60.7788,60.77808609165705,74.92174057999999,23.269594609029713,69.1077
2026-10-02 01:56:19,33439.231,5,560,0,121.5575,121.5584398579126,149.1804317,22.724133188171116,68.6779
2026-10-02 01:56:22,33442.776,5,560,0,218.8036,218.80499449673263,262.99214349999994,20.19554843210937,81.9606
2026-10-02 01:56:27,33447.771,5,560,1,60.7788,60.77734616284992,74.61390495,22.76310913468606,61.1776
2026-10-02 01:56:30,33450.661,5,560,1,121.5575,121.56268301635927,148.61214610000002,22.25662979735395,68.6784
2026-10-02 01:56:34,33454.173,5,560,1,218.8036,218.80499449673263,261.7343457,19.620695912274712,81.9606
2026-10-02 01:56:39,33459.171,5,560,2,60.7788,60.77734616284992,74.69912842,22.903328282249184,61.1776
2026-10-02 01:56:41,33462.073,5,560,2,121.5575,121.56268301635927,148.0923474,21.829014431431652,68.6784
2026-10-02 01:56:45,33465.618,5,560,2,218.8036,218.80499449673263,261.4189834,19.476565581615947,81.9606
2026-10-02 01:56:57,33477.621,5,642,0,55.4707,55.470331325910344,61.666316540000004,11.169230300824243,71.754
2026-10-02 01:57:01,33481.296,5,642,0,110.9413,110.94046795326449,122.493188,10.412573598607032,71.4441
2026-10-02 01:57:04,33484.771,5,642,0,199.6944,199.69702202329938,221.4114247,10.875123499666921,84.7273
2026-10-02 01:57:09,33489.77,5,642,1,55.4707,55.47058576170207,61.98916248999999,11.751242293448392,63.9442
2026-10-02 01:57:12,33492.719,5,642,1,110.9413,110.94434053656175,121.74810920000002,9.74097651484299,71.4446
2026-10-02 01:57:16,33496.236,5,642,1,199.6944,199.69702202329938,220.9652975,10.651718549070614,84.7273
2026-10-02 01:57:21,33501.231,5,642,2,55.4707,55.47058576170207,62.167932840000006,12.073521348290583,63.9442
2026-10-02 01:57:24,33504.17,5,642,2,110.9413,110.94434053656175,123.2051345,11.054305980733622,71.4441
2026-10-02 01:57:27,33507.68,5,642,2,199.6944,199.69702202329938,221.52686699999998,10.932932979403239,84.7273
