iso_time,elapsed_s,cycle,laser,laser_power,step,model,n_points,acquire_time_s,fit_time_s,fit_rms_pct,test_rms_pct,test_max_pct,test_fullscale_pct
2026-10-02 13:51:29,172.074,0,488,,1.0,sinus,66,126.873,0.0117,30.644926352892387,10.113188975925246,30.516047516591794,0.6843980205129178
2026-10-02 13:51:29,172.076,0,488,,1.0,poly deg 5,66,126.873,0.001,315.51071765699817,58.27474196721857,198.3238570208782,0.48067752386297075
2026-10-02 13:51:29,172.077,0,488,,1.0,poly deg 6,66,126.873,0.0,233.45908046860342,61.92706024829977,214.4074945000396,0.3279112316353897
2026-10-02 13:51:29,172.078,0,488,,1.0,spline,66,126.873,0.0,45.49824027425291,7.744860118016415,26.582842419654035,0.1641888391449614
2026-10-02 13:53:14,277.313,0,488,,2.5,sinus,27,67.167,0.0104,23.361602740268857,19.746062097514915,61.45136300347538,0.5469696115514774
2026-10-02 13:53:14,277.314,0,488,,2.5,poly deg 5,27,67.167,0.001,5.017610071353509,1.1822223849536664,2.488484869255784,0.1558998036523403
2026-10-02 13:53:14,277.315,0,488,,2.5,poly deg 6,27,67.167,0.001,24.263740481705494,3.08755980355481,10.556218019714224,0.15556443401073314
2026-10-02 13:53:14,277.316,0,488,,2.5,spline,27,67.167,0.001,127.93948409303415,63.93367312414151,220.32643953138268,0.629415187695295
2026-10-02 13:54:36,358.86,0,488,,5.0,sinus,14,43.475,0.0084,16.545060920145346,19.394985347718023,60.36365062194184,0.6231835083402713
2026-10-02 13:54:36,358.861,0,488,,5.0,poly deg 5,14,43.475,0.001,1.934150228572633,2.864774662217157,9.383269590528146,0.15170153818019325
2026-10-02 13:54:36,358.862,0,488,,5.0,poly deg 6,14,43.475,0.0,2.689991379092819,3.001368814994237,8.39675930896772,0.15035602454929736
2026-10-02 13:54:36,358.863,0,488,,5.0,spline,14,43.475,0.0,107.12425047270786,163.52907226895888,563.7686725215063,1.0977341585325315
2026-10-02 13:55:46,429.001,0,488,,10.0,sinus,8,31.653,0.0081,20.335857446930795,20.987032702370527,65.62165071749702,0.6367976042595684
2026-10-02 13:55:46,429.01,0,488,,10.0,poly deg 5,8,31.653,0.0091,2.6932718933140793,3.2662130394456668,10.269635998990642,0.199275096374918
2026-10-02 13:55:46,429.013,0,488,,10.0,poly deg 6,8,31.653,0.0015,3.956900176274695,3.9913573011691543,12.460198987328939,0.20132839225706647
2026-10-02 13:55:46,429.013,0,488,,10.0,spline,8,31.653,0.0,141.38334755983794,162.77330955337402,561.1577304209205,1.3094520120695583
2026-10-02 13:58:41,604.043,0,560,,1.0,sinus,66,129.96,0.0068,14.373846886382966,16.76185041993821,57.78220252855687,0.3260980395165433
2026-10-02 13:58:41,604.044,0,560,,1.0,poly deg 5,66,129.96,0.0005,11.863912276282914,21.76952334197835,74.8754641172758,0.2243171628573252
2026-10-02 13:58:41,604.045,0,560,,1.0,poly deg 6,66,129.96,0.0,11.835149000690562,19.164158560247127,66.2238970593205,0.1985888099422358
2026-10-02 13:58:41,604.045,0,560,,1.0,spline,66,129.96,0.0,17.240676458689677,23.405728977923278,81.03146276353952,0.19023138384497365
2026-10-02 14:00:26,709.347,0,560,,2.5,sinus,27,67.137,0.0077,8.552195266537487,17.27580503150134,59.56428112774971,0.29152636653106573
2026-10-02 14:00:26,709.349,0,560,,2.5,poly deg 5,27,67.137,0.0,9.045359497410265,17.470740236574457,59.937979030536766,0.17430072751551748
2026-10-02 14:00:26,709.35,0,560,,2.5,poly deg 6,27,67.137,0.001,7.2377685943165275,17.22540947399004,59.55776970693054,0.14066750832903901
2026-10-02 14:00:26,709.35,0,560,,2.5,spline,27,67.137,0.0,72.73009115143238,159.6775378058884,552.6108158027165,0.681025955545967
2026-10-02 14:01:48,790.938,0,560,,5.0,sinus,14,43.433,0.0064,10.414524485196559,17.75835461178378,61.23826786822922,0.2929064334854158
2026-10-02 14:01:48,790.939,0,560,,5.0,poly deg 5,14,43.433,0.001,8.889031913343338,12.266179496958136,41.7672131296123,0.17789914179498542
2026-10-02 14:01:48,790.941,0,560,,5.0,poly deg 6,14,43.433,0.0014,8.191375610493992,13.30279767032333,45.85632996656056,0.14991437034634827
2026-10-02 14:01:48,790.941,0,560,,5.0,spline,14,43.433,0.0,230.75307166941207,390.93906246490303,1353.2993046175502,1.1861564846969481
2026-10-02 14:02:58,861.153,0,560,,10.0,sinus,8,31.586,0.0077,12.56608084138474,17.01652324585948,58.65418363861499,0.3608754527121415
2026-10-02 14:02:58,861.154,0,560,,10.0,poly deg 5,8,31.586,0.0011,5.1831038166738646,6.07925923794721,20.378019102346546,0.20852578670926902
2026-10-02 14:02:58,861.155,0,560,,10.0,poly deg 6,8,31.586,0.001,5.841599772488633,4.093961047735571,11.77792128960988,0.23977718976834292
2026-10-02 14:02:58,861.155,0,560,,10.0,spline,8,31.586,0.0,224.24463326197125,272.27821966762565,941.3170400686763,1.7439300957866042
2026-10-02 14:05:53,1036.035,0,642,,1.0,sinus,66,129.881,0.0073,8.961171304039642,8.169041311837418,28.16970749576479,0.20969661659294633
2026-10-02 14:05:53,1036.036,0,642,,1.0,poly deg 5,66,129.881,0.001,2.90567480595729,3.1119720084897473,8.96116731834171,0.21537555877753767
2026-10-02 14:05:53,1036.036,0,642,,1.0,poly deg 6,66,129.881,0.0,2.90581170891116,3.119701091562602,8.992785916956688,0.215353354408403
2026-10-02 14:05:53,1036.037,0,642,,1.0,spline,66,129.881,0.0,9.123746891520284,4.142490245478057,12.520682234912867,0.1658744789151491
2026-10-02 14:07:38,1141.187,0,642,,2.5,sinus,27,66.989,0.0073,8.428378267030885,8.929242146712028,30.66004457498135,0.2144281264365107
2026-10-02 14:07:38,1141.188,0,642,,2.5,poly deg 5,27,66.989,0.0,2.4432781634869176,2.3572508082321506,6.631415526232018,0.19577740136420715
2026-10-02 14:07:38,1141.189,0,642,,2.5,poly deg 6,27,66.989,0.0,2.6060118764536675,1.6676975382015673,4.247159111845864,0.19587294994737636
2026-10-02 14:07:38,1141.19,0,642,,2.5,spline,27,66.989,0.001,30.66570916451525,17.20880648180012,52.383237008054195,0.6643707024705316
2026-10-02 14:09:00,1222.688,0,642,,5.0,sinus,14,43.44,0.0063,11.263699181229054,9.547349256940823,32.55357339177777,0.22731635674230125
2026-10-02 14:09:00,1222.689,0,642,,5.0,poly deg 5,14,43.44,0.0,4.284546279026374,4.484678972853492,14.4345327063184,0.2073311900496714
2026-10-02 14:09:00,1222.69,0,642,,5.0,poly deg 6,14,43.44,0.0,1.2338645276410722,1.938462867928077,5.75765765313301,0.22516922981401402
2026-10-02 14:09:00,1222.69,0,642,,5.0,spline,14,43.44,0.0,92.15292051651907,74.2783890510915,204.72779072064458,1.380081688038435
2026-10-02 14:10:10,1292.932,0,642,,10.0,sinus,8,31.534,0.0066,3.0561943028257206,11.674012449790188,38.96687221991188,0.4175818556260981
2026-10-02 14:10:10,1292.933,0,642,,10.0,poly deg 5,8,31.534,0.0011,2.9469436444821784,2.173572990611046,5.578111244203905,0.353171813491781
2026-10-02 14:10:10,1292.934,0,642,,10.0,poly deg 6,8,31.534,0.0011,7.972562884728389,8.955144748647568,30.933073853018445,0.429203590993642
2026-10-02 14:10:10,1292.934,0,642,,10.0,spline,8,31.534,0.0,52.03662177196667,75.871454502969,196.25647759954575,1.688260769831582
